Scenario,Write CL,Read CL,Trials,Successful Reads,RYW Violations,Violation Rate,Write Failures,Read Failures
Normal,ONE,ONE,300,300,0,0.00%,0,0
Normal,ONE,QUORUM,300,300,0,0.00%,0,0
Normal,QUORUM,ONE,300,300,0,0.00%,0,0
Normal,QUORUM,QUORUM,300,300,0,0.00%,0,0
Normal,ALL,ONE,300,300,0,0.00%,0,0
Normal,ONE,ALL,300,300,0,0.00%,0,0
Node failure,ONE,ONE,300,300,0,0.00%,0,0
Node failure,ONE,QUORUM,300,300,0,0.00%,0,0
Node failure,QUORUM,ONE,300,300,0,0.00%,0,0
Node failure,QUORUM,QUORUM,300,300,0,0.00%,0,0
Node failure,ALL,ONE,300,0,0,N/A,300,0
Node failure,ONE,ALL,300,0,0,N/A,0,300
Network partition,ONE,ONE,300,300,300,100.00%,0,0
Network partition,ONE,QUORUM,300,0,0,N/A,0,300
Network partition,QUORUM,ONE,300,300,300,100.00%,0,0
Network partition,QUORUM,QUORUM,300,0,0,N/A,0,300
Network partition,ALL,ONE,300,0,0,N/A,300,0
Network partition,ONE,ALL,300,0,0,N/A,0,300
