product_id,product_name,category,price,stock,status,version,updated_at
P0001,Essential Puzzle 0001,Books,714.69,150,ACTIVE,1,2026-09-01 09:00:01
P0002,Essential Bottle 0002,Toys,871.1,463,ACTIVE,1,2026-09-01 09:00:02
P0003,Eco Puzzle 0003,Sports,186.78,181,ACTIVE,1,2026-09-01 09:00:03
P0004,Modern Towel 0004,Home,522.16,464,ACTIVE,1,2026-09-01 09:00:04
P0005,Classic Mug 0005,Sports,784.21,289,ACTIVE,1,2026-09-01 09:00:05
P0006,Modern Speaker 0006,Books,379.3,253,ACTIVE,1,2026-09-01 09:00:06
P0007,Everyday Charger 0007,Grocery,429.56,448,ACTIVE,1,2026-09-01 09:00:07
P0008,Everyday Brush 0008,Toys,709.26,79,ACTIVE,1,2026-09-01 09:00:08
P0009,Eco Notebook 0009,Home,127.95,463,ACTIVE,1,2026-09-01 09:00:09
P0010,Everyday Mouse 0010,Electronics,807.31,485,ACTIVE,1,2026-09-01 09:00:10
P0011,Modern Keyboard 0011,Books,636.91,144,ACTIVE,1,2026-09-01 09:00:11
P0012,Essential Mouse 0012,Beauty,292.68,325,ACTIVE,1,2026-09-01 09:00:12
P0013,Compact Puzzle 0013,Books,461.61,442,ACTIVE,1,2026-09-01 09:00:13
P0014,Eco Charger 0014,Clothing,816.37,407,ACTIVE,1,2026-09-01 09:00:14
P0015,Everyday Brush 0015,Home,303.15,317,ACTIVE,1,2026-09-01 09:00:15
P0016,Classic Towel 0016,Grocery,321.79,236,ACTIVE,1,2026-09-01 09:00:16
P0017,Eco Charger 0017,Beauty,149.22,278,ACTIVE,1,2026-09-01 09:00:17
P0018,Essential Mouse 0018,Grocery,265.82,261,ACTIVE,1,2026-09-01 09:00:18
P0019,Essential Notebook 0019,Books,232.5,195,ACTIVE,1,2026-09-01 09:00:19
P0020,Classic Towel 0020,Beauty,661.59,272,ACTIVE,1,2026-09-01 09:00:20
P0021,Eco Storage Box 0021,Electronics,601.61,335,ACTIVE,1,2026-09-01 09:00:21
P0022,Essential Headphones 0022,Toys,151.78,98,ACTIVE,1,2026-09-01 09:00:22
P0023,Classic Headphones 0023,Home,114.04,243,ACTIVE,1,2026-09-01 09:00:23
P0024,Compact Storage Box 0024,Beauty,758.51,381,ACTIVE,1,2026-09-01 09:00:24
P0025,Premium Speaker 0025,Grocery,559.95,457,ACTIVE,1,2026-09-01 09:00:25
P0026,Premium Mouse 0026,Grocery,372.94,279,ACTIVE,1,2026-09-01 09:00:26
P0027,Modern Bottle 0027,Electronics,308.32,276,ACTIVE,1,2026-09-01 09:00:27
P0028,Modern Backpack 0028,Beauty,686.13,450,ACTIVE,1,2026-09-01 09:00:28
P0029,Compact Headphones 0029,Books,651.29,406,ACTIVE,1,2026-09-01 09:00:29
P0030,Premium Clock 0030,Toys,159.8,283,ACTIVE,1,2026-09-01 09:00:30
P0031,Everyday Jacket 0031,Electronics,112.75,127,ACTIVE,1,2026-09-01 09:00:31
P0032,Classic Speaker 0032,Toys,872.49,148,ACTIVE,1,2026-09-01 09:00:32
P0033,Eco Bottle 0033,Electronics,829.96,47,ACTIVE,1,2026-09-01 09:00:33
P0034,Everyday Headphones 0034,Toys,188.24,352,ACTIVE,1,2026-09-01 09:00:34
P0035,Everyday Bottle 0035,Sports,37.37,61,ACTIVE,1,2026-09-01 09:00:35
P0036,Essential Towel 0036,Clothing,674.45,335,ACTIVE,1,2026-09-01 09:00:36
P0037,Classic Speaker 0037,Grocery,305.94,284,ACTIVE,1,2026-09-01 09:00:37
P0038,Classic Mug 0038,Beauty,266.81,21,ACTIVE,1,2026-09-01 09:00:38
P0039,Compact Charger 0039,Electronics,638.75,380,ACTIVE,1,2026-09-01 09:00:39
P0040,Premium Charger 0040,Grocery,38.78,417,ACTIVE,1,2026-09-01 09:00:40
P0041,Eco Keyboard 0041,Home,540.42,120,ACTIVE,1,2026-09-01 09:00:41
P0042,Classic Notebook 0042,Books,319.47,197,ACTIVE,1,2026-09-01 09:00:42
P0043,Premium Clock 0043,Toys,592.09,370,ACTIVE,1,2026-09-01 09:00:43
P0044,Compact Puzzle 0044,Toys,107.7,308,ACTIVE,1,2026-09-01 09:00:44
P0045,Eco Clock 0045,Books,595.78,245,ACTIVE,1,2026-09-01 09:00:45
P0046,Compact Storage Box 0046,Sports,716.27,395,ACTIVE,1,2026-09-01 09:00:46
P0047,Compact Mouse 0047,Clothing,830.79,413,ACTIVE,1,2026-09-01 09:00:47
P0048,Smart Jacket 0048,Beauty,200.14,178,ACTIVE,1,2026-09-01 09:00:48
P0049,Essential Bottle 0049,Grocery,17.45,25,ACTIVE,1,2026-09-01 09:00:49
P0050,Essential Storage Box 0050,Electronics,282.85,410,ACTIVE,1,2026-09-01 09:00:50
P0051,Modern Mouse 0051,Toys,133.27,351,ACTIVE,1,2026-09-01 09:00:51
P0052,Eco Speaker 0052,Toys,783.44,493,ACTIVE,1,2026-09-01 09:00:52
P0053,Classic Puzzle 0053,Sports,336.56,57,ACTIVE,1,2026-09-01 09:00:53
P0054,Essential Bottle 0054,Home,153.64,100,ACTIVE,1,2026-09-01 09:00:54
P0055,Premium Mug 0055,Toys,135.42,202,ACTIVE,1,2026-09-01 09:00:55
P0056,Eco Towel 0056,Sports,123.09,151,ACTIVE,1,2026-09-01 09:00:56
P0057,Compact Brush 0057,Books,371.55,35,ACTIVE,1,2026-09-01 09:00:57
P0058,Eco Notebook 0058,Clothing,385.61,22,ACTIVE,1,2026-09-01 09:00:58
P0059,Smart Headphones 0059,Books,358.49,488,ACTIVE,1,2026-09-01 09:00:59
P0060,Premium Mouse 0060,Grocery,744.96,359,ACTIVE,1,2026-09-01 09:01:00
P0061,Eco Brush 0061,Clothing,550.02,328,ACTIVE,1,2026-09-01 09:01:01
P0062,Essential Headphones 0062,Electronics,557.59,44,ACTIVE,1,2026-09-01 09:01:02
P0063,Compact Mug 0063,Books,629.43,371,ACTIVE,1,2026-09-01 09:01:03
P0064,Smart Jacket 0064,Toys,304.67,120,ACTIVE,1,2026-09-01 09:01:04
P0065,Compact Clock 0065,Books,837.97,359,ACTIVE,1,2026-09-01 09:01:05
P0066,Essential Bottle 0066,Sports,706.6,428,ACTIVE,1,2026-09-01 09:01:06
P0067,Classic Keyboard 0067,Sports,177.69,321,ACTIVE,1,2026-09-01 09:01:07
P0068,Everyday Mouse 0068,Beauty,898.91,81,ACTIVE,1,2026-09-01 09:01:08
P0069,Premium Puzzle 0069,Books,125.6,409,ACTIVE,1,2026-09-01 09:01:09
P0070,Premium Clock 0070,Books,480.87,484,ACTIVE,1,2026-09-01 09:01:10
P0071,Essential Headphones 0071,Beauty,427.77,452,ACTIVE,1,2026-09-01 09:01:11
P0072,Smart Puzzle 0072,Electronics,818.96,355,ACTIVE,1,2026-09-01 09:01:12
P0073,Compact Keyboard 0073,Electronics,392.03,222,ACTIVE,1,2026-09-01 09:01:13
P0074,Smart Brush 0074,Books,471.33,445,ACTIVE,1,2026-09-01 09:01:14
P0075,Classic Mouse 0075,Beauty,174.8,228,ACTIVE,1,2026-09-01 09:01:15
P0076,Classic Keyboard 0076,Books,796.15,450,ACTIVE,1,2026-09-01 09:01:16
P0077,Premium Charger 0077,Sports,115.76,311,ACTIVE,1,2026-09-01 09:01:17
P0078,Everyday Notebook 0078,Books,219.91,456,ACTIVE,1,2026-09-01 09:01:18
P0079,Essential Towel 0079,Books,218.4,199,ACTIVE,1,2026-09-01 09:01:19
P0080,Classic Brush 0080,Books,458.93,386,ACTIVE,1,2026-09-01 09:01:20
P0081,Smart Mug 0081,Toys,864.95,500,ACTIVE,1,2026-09-01 09:01:21
P0082,Modern Towel 0082,Toys,809.78,29,ACTIVE,1,2026-09-01 09:01:22
P0083,Modern Towel 0083,Sports,865.46,189,ACTIVE,1,2026-09-01 09:01:23
P0084,Eco Storage Box 0084,Beauty,100.76,26,ACTIVE,1,2026-09-01 09:01:24
P0085,Everyday Jacket 0085,Toys,240.87,290,ACTIVE,1,2026-09-01 09:01:25
P0086,Essential Speaker 0086,Electronics,374.37,48,ACTIVE,1,2026-09-01 09:01:26
P0087,Smart Brush 0087,Electronics,25.53,147,ACTIVE,1,2026-09-01 09:01:27
P0088,Essential Speaker 0088,Clothing,658.99,74,ACTIVE,1,2026-09-01 09:01:28
P0089,Modern Backpack 0089,Home,456.68,298,ACTIVE,1,2026-09-01 09:01:29
P0090,Modern Clock 0090,Toys,587.42,277,ACTIVE,1,2026-09-01 09:01:30
P0091,Essential Bottle 0091,Toys,648.02,335,ACTIVE,1,2026-09-01 09:01:31
P0092,Compact Puzzle 0092,Electronics,365.7,456,ACTIVE,1,2026-09-01 09:01:32
P0093,Premium Lamp 0093,Books,39.55,341,ACTIVE,1,2026-09-01 09:01:33
P0094,Compact Keyboard 0094,Beauty,837.25,27,ACTIVE,1,2026-09-01 09:01:34
P0095,Everyday Backpack 0095,Beauty,822.21,288,ACTIVE,1,2026-09-01 09:01:35
P0096,Compact Storage Box 0096,Clothing,552.7,73,ACTIVE,1,2026-09-01 09:01:36
P0097,Eco Notebook 0097,Grocery,669.29,287,ACTIVE,1,2026-09-01 09:01:37
P0098,Compact Backpack 0098,Home,232.51,66,ACTIVE,1,2026-09-01 09:01:38
P0099,Modern Speaker 0099,Clothing,810.51,244,ACTIVE,1,2026-09-01 09:01:39
P0100,Everyday Charger 0100,Beauty,426.25,231,ACTIVE,1,2026-09-01 09:01:40
P0101,Eco Speaker 0101,Sports,391.3,489,ACTIVE,1,2026-09-01 09:01:41
P0102,Smart Jacket 0102,Books,742.6,386,ACTIVE,1,2026-09-01 09:01:42
P0103,Compact Storage Box 0103,Toys,401.86,415,ACTIVE,1,2026-09-01 09:01:43
P0104,Everyday Lamp 0104,Electronics,292.67,213,ACTIVE,1,2026-09-01 09:01:44
P0105,Premium Mouse 0105,Electronics,823.91,27,ACTIVE,1,2026-09-01 09:01:45
P0106,Premium Lamp 0106,Books,825.98,73,ACTIVE,1,2026-09-01 09:01:46
P0107,Modern Charger 0107,Grocery,337.69,250,ACTIVE,1,2026-09-01 09:01:47
P0108,Classic Notebook 0108,Grocery,313.08,307,ACTIVE,1,2026-09-01 09:01:48
P0109,Premium Mouse 0109,Clothing,720.4,148,ACTIVE,1,2026-09-01 09:01:49
P0110,Eco Mouse 0110,Grocery,140.41,340,ACTIVE,1,2026-09-01 09:01:50
P0111,Everyday Speaker 0111,Toys,617.72,216,ACTIVE,1,2026-09-01 09:01:51
P0112,Everyday Puzzle 0112,Home,758.88,162,ACTIVE,1,2026-09-01 09:01:52
P0113,Modern Lamp 0113,Electronics,5.49,383,ACTIVE,1,2026-09-01 09:01:53
P0114,Modern Mug 0114,Home,894.1,495,ACTIVE,1,2026-09-01 09:01:54
P0115,Modern Mouse 0115,Books,769.95,234,ACTIVE,1,2026-09-01 09:01:55
P0116,Compact Clock 0116,Home,680.98,458,ACTIVE,1,2026-09-01 09:01:56
P0117,Compact Storage Box 0117,Grocery,464.6,288,ACTIVE,1,2026-09-01 09:01:57
P0118,Smart Backpack 0118,Toys,863.39,444,ACTIVE,1,2026-09-01 09:01:58
P0119,Compact Headphones 0119,Home,776.78,434,ACTIVE,1,2026-09-01 09:01:59
P0120,Compact Storage Box 0120,Toys,403.18,267,ACTIVE,1,2026-09-01 09:02:00
P0121,Smart Headphones 0121,Sports,246.25,305,ACTIVE,1,2026-09-01 09:02:01
P0122,Essential Keyboard 0122,Toys,753.0,452,ACTIVE,1,2026-09-01 09:02:02
P0123,Smart Keyboard 0123,Books,816.05,229,ACTIVE,1,2026-09-01 09:02:03
P0124,Essential Bottle 0124,Electronics,471.43,494,ACTIVE,1,2026-09-01 09:02:04
P0125,Premium Backpack 0125,Grocery,389.73,289,ACTIVE,1,2026-09-01 09:02:05
P0126,Modern Lamp 0126,Toys,211.59,77,ACTIVE,1,2026-09-01 09:02:06
P0127,Smart Backpack 0127,Sports,132.7,312,ACTIVE,1,2026-09-01 09:02:07
P0128,Smart Puzzle 0128,Toys,750.16,192,ACTIVE,1,2026-09-01 09:02:08
P0129,Modern Notebook 0129,Books,693.49,317,ACTIVE,1,2026-09-01 09:02:09
P0130,Premium Clock 0130,Clothing,288.94,62,ACTIVE,1,2026-09-01 09:02:10
P0131,Eco Towel 0131,Toys,668.75,199,ACTIVE,1,2026-09-01 09:02:11
P0132,Everyday Storage Box 0132,Sports,321.5,470,ACTIVE,1,2026-09-01 09:02:12
P0133,Premium Notebook 0133,Electronics,447.91,431,ACTIVE,1,2026-09-01 09:02:13
P0134,Compact Storage Box 0134,Beauty,784.24,443,ACTIVE,1,2026-09-01 09:02:14
P0135,Everyday Puzzle 0135,Grocery,386.78,241,ACTIVE,1,2026-09-01 09:02:15
P0136,Eco Mouse 0136,Grocery,125.1,236,ACTIVE,1,2026-09-01 09:02:16
P0137,Modern Brush 0137,Books,781.94,494,ACTIVE,1,2026-09-01 09:02:17
P0138,Everyday Mug 0138,Books,618.47,369,ACTIVE,1,2026-09-01 09:02:18
P0139,Eco Speaker 0139,Sports,834.99,493,ACTIVE,1,2026-09-01 09:02:19
P0140,Eco Mug 0140,Grocery,824.07,139,ACTIVE,1,2026-09-01 09:02:20
P0141,Essential Brush 0141,Toys,547.14,110,ACTIVE,1,2026-09-01 09:02:21
P0142,Modern Mug 0142,Toys,420.56,322,ACTIVE,1,2026-09-01 09:02:22
P0143,Classic Towel 0143,Electronics,592.34,416,ACTIVE,1,2026-09-01 09:02:23
P0144,Eco Keyboard 0144,Grocery,572.22,421,ACTIVE,1,2026-09-01 09:02:24
P0145,Essential Clock 0145,Electronics,534.27,74,ACTIVE,1,2026-09-01 09:02:25
P0146,Essential Storage Box 0146,Clothing,633.08,325,ACTIVE,1,2026-09-01 09:02:26
P0147,Modern Clock 0147,Grocery,23.92,438,ACTIVE,1,2026-09-01 09:02:27
P0148,Compact Headphones 0148,Electronics,589.88,180,ACTIVE,1,2026-09-01 09:02:28
P0149,Essential Mouse 0149,Grocery,757.69,398,ACTIVE,1,2026-09-01 09:02:29
P0150,Classic Bottle 0150,Sports,122.6,473,ACTIVE,1,2026-09-01 09:02:30
P0151,Eco Charger 0151,Beauty,789.75,450,ACTIVE,1,2026-09-01 09:02:31
P0152,Eco Towel 0152,Electronics,885.32,323,ACTIVE,1,2026-09-01 09:02:32
P0153,Essential Bottle 0153,Sports,537.68,255,ACTIVE,1,2026-09-01 09:02:33
P0154,Compact Backpack 0154,Beauty,634.82,447,ACTIVE,1,2026-09-01 09:02:34
P0155,Smart Towel 0155,Home,330.26,390,ACTIVE,1,2026-09-01 09:02:35
P0156,Modern Storage Box 0156,Books,21.81,121,ACTIVE,1,2026-09-01 09:02:36
P0157,Everyday Headphones 0157,Sports,848.25,260,ACTIVE,1,2026-09-01 09:02:37
P0158,Essential Speaker 0158,Sports,628.9,84,ACTIVE,1,2026-09-01 09:02:38
P0159,Essential Puzzle 0159,Books,654.81,346,ACTIVE,1,2026-09-01 09:02:39
P0160,Everyday Keyboard 0160,Books,155.37,101,ACTIVE,1,2026-09-01 09:02:40
P0161,Modern Backpack 0161,Clothing,411.21,48,ACTIVE,1,2026-09-01 09:02:41
P0162,Modern Storage Box 0162,Grocery,717.14,424,ACTIVE,1,2026-09-01 09:02:42
P0163,Premium Lamp 0163,Grocery,242.74,378,ACTIVE,1,2026-09-01 09:02:43
P0164,Smart Charger 0164,Electronics,682.36,137,ACTIVE,1,2026-09-01 09:02:44
P0165,Classic Brush 0165,Clothing,283.84,25,ACTIVE,1,2026-09-01 09:02:45
P0166,Eco Puzzle 0166,Books,331.92,223,ACTIVE,1,2026-09-01 09:02:46
P0167,Everyday Jacket 0167,Books,772.48,203,ACTIVE,1,2026-09-01 09:02:47
P0168,Essential Mug 0168,Home,26.04,468,ACTIVE,1,2026-09-01 09:02:48
P0169,Everyday Storage Box 0169,Clothing,873.37,469,ACTIVE,1,2026-09-01 09:02:49
P0170,Everyday Lamp 0170,Beauty,665.6,216,ACTIVE,1,2026-09-01 09:02:50
P0171,Everyday Backpack 0171,Beauty,224.38,314,ACTIVE,1,2026-09-01 09:02:51
P0172,Modern Mug 0172,Toys,897.9,286,ACTIVE,1,2026-09-01 09:02:52
P0173,Premium Bottle 0173,Beauty,659.49,311,ACTIVE,1,2026-09-01 09:02:53
P0174,Essential Headphones 0174,Grocery,812.23,27,ACTIVE,1,2026-09-01 09:02:54
P0175,Premium Storage Box 0175,Toys,692.72,284,ACTIVE,1,2026-09-01 09:02:55
P0176,Everyday Brush 0176,Electronics,730.54,347,ACTIVE,1,2026-09-01 09:02:56
P0177,Eco Charger 0177,Beauty,70.84,123,ACTIVE,1,2026-09-01 09:02:57
P0178,Modern Clock 0178,Books,840.89,243,ACTIVE,1,2026-09-01 09:02:58
P0179,Essential Mouse 0179,Books,777.96,44,ACTIVE,1,2026-09-01 09:02:59
P0180,Modern Jacket 0180,Electronics,168.45,40,ACTIVE,1,2026-09-01 09:03:00
P0181,Everyday Clock 0181,Toys,757.37,295,ACTIVE,1,2026-09-01 09:03:01
P0182,Compact Jacket 0182,Toys,209.82,83,ACTIVE,1,2026-09-01 09:03:02
P0183,Everyday Mug 0183,Beauty,100.24,464,ACTIVE,1,2026-09-01 09:03:03
P0184,Everyday Speaker 0184,Beauty,227.3,115,ACTIVE,1,2026-09-01 09:03:04
P0185,Compact Charger 0185,Books,581.51,270,ACTIVE,1,2026-09-01 09:03:05
P0186,Modern Keyboard 0186,Sports,618.75,182,ACTIVE,1,2026-09-01 09:03:06
P0187,Everyday Clock 0187,Books,770.6,157,ACTIVE,1,2026-09-01 09:03:07
P0188,Compact Mug 0188,Sports,725.31,115,ACTIVE,1,2026-09-01 09:03:08
P0189,Compact Mouse 0189,Beauty,83.43,119,ACTIVE,1,2026-09-01 09:03:09
P0190,Smart Lamp 0190,Sports,728.4,126,ACTIVE,1,2026-09-01 09:03:10
P0191,Compact Notebook 0191,Home,271.23,65,ACTIVE,1,2026-09-01 09:03:11
P0192,Compact Speaker 0192,Sports,533.14,130,ACTIVE,1,2026-09-01 09:03:12
P0193,Everyday Storage Box 0193,Toys,361.53,275,ACTIVE,1,2026-09-01 09:03:13
P0194,Everyday Mouse 0194,Home,133.84,392,ACTIVE,1,2026-09-01 09:03:14
P0195,Eco Mouse 0195,Books,42.25,328,ACTIVE,1,2026-09-01 09:03:15
P0196,Essential Keyboard 0196,Beauty,796.87,444,ACTIVE,1,2026-09-01 09:03:16
P0197,Compact Storage Box 0197,Clothing,751.39,460,ACTIVE,1,2026-09-01 09:03:17
P0198,Essential Storage Box 0198,Home,210.09,295,ACTIVE,1,2026-09-01 09:03:18
P0199,Premium Mouse 0199,Home,114.33,406,ACTIVE,1,2026-09-01 09:03:19
P0200,Modern Speaker 0200,Home,195.27,198,ACTIVE,1,2026-09-01 09:03:20
P0201,Compact Puzzle 0201,Books,224.26,292,ACTIVE,1,2026-09-01 09:03:21
P0202,Everyday Lamp 0202,Toys,666.71,335,ACTIVE,1,2026-09-01 09:03:22
P0203,Everyday Charger 0203,Electronics,298.38,85,ACTIVE,1,2026-09-01 09:03:23
P0204,Smart Keyboard 0204,Sports,345.65,299,ACTIVE,1,2026-09-01 09:03:24
P0205,Modern Keyboard 0205,Home,550.58,286,ACTIVE,1,2026-09-01 09:03:25
P0206,Modern Mouse 0206,Electronics,73.93,81,ACTIVE,1,2026-09-01 09:03:26
P0207,Everyday Charger 0207,Grocery,368.24,172,ACTIVE,1,2026-09-01 09:03:27
P0208,Classic Mouse 0208,Beauty,325.25,274,ACTIVE,1,2026-09-01 09:03:28
P0209,Modern Mouse 0209,Sports,105.92,278,ACTIVE,1,2026-09-01 09:03:29
P0210,Everyday Brush 0210,Beauty,889.9,108,ACTIVE,1,2026-09-01 09:03:30
P0211,Classic Mouse 0211,Grocery,312.04,430,ACTIVE,1,2026-09-01 09:03:31
P0212,Essential Storage Box 0212,Beauty,264.58,368,ACTIVE,1,2026-09-01 09:03:32
P0213,Essential Storage Box 0213,Clothing,487.64,260,ACTIVE,1,2026-09-01 09:03:33
P0214,Smart Keyboard 0214,Toys,98.24,231,ACTIVE,1,2026-09-01 09:03:34
P0215,Premium Notebook 0215,Toys,499.72,232,ACTIVE,1,2026-09-01 09:03:35
P0216,Everyday Mug 0216,Toys,580.52,82,ACTIVE,1,2026-09-01 09:03:36
P0217,Eco Brush 0217,Electronics,543.8,97,ACTIVE,1,2026-09-01 09:03:37
P0218,Eco Clock 0218,Sports,311.57,44,ACTIVE,1,2026-09-01 09:03:38
P0219,Eco Charger 0219,Home,619.25,48,ACTIVE,1,2026-09-01 09:03:39
P0220,Compact Clock 0220,Home,369.55,56,ACTIVE,1,2026-09-01 09:03:40
P0221,Smart Keyboard 0221,Clothing,62.45,272,ACTIVE,1,2026-09-01 09:03:41
P0222,Premium Lamp 0222,Electronics,748.91,406,ACTIVE,1,2026-09-01 09:03:42
P0223,Eco Towel 0223,Books,130.24,301,ACTIVE,1,2026-09-01 09:03:43
P0224,Premium Mug 0224,Home,415.36,359,ACTIVE,1,2026-09-01 09:03:44
P0225,Premium Brush 0225,Beauty,163.12,308,ACTIVE,1,2026-09-01 09:03:45
P0226,Modern Bottle 0226,Electronics,748.12,170,ACTIVE,1,2026-09-01 09:03:46
P0227,Smart Speaker 0227,Electronics,203.67,448,ACTIVE,1,2026-09-01 09:03:47
P0228,Modern Mug 0228,Books,20.09,106,ACTIVE,1,2026-09-01 09:03:48
P0229,Eco Keyboard 0229,Electronics,144.97,465,ACTIVE,1,2026-09-01 09:03:49
P0230,Classic Mouse 0230,Beauty,383.66,443,ACTIVE,1,2026-09-01 09:03:50
P0231,Essential Towel 0231,Clothing,504.78,314,ACTIVE,1,2026-09-01 09:03:51
P0232,Compact Bottle 0232,Sports,673.83,21,ACTIVE,1,2026-09-01 09:03:52
P0233,Everyday Backpack 0233,Grocery,724.45,350,ACTIVE,1,2026-09-01 09:03:53
P0234,Smart Puzzle 0234,Sports,200.36,487,ACTIVE,1,2026-09-01 09:03:54
P0235,Everyday Storage Box 0235,Grocery,863.22,282,ACTIVE,1,2026-09-01 09:03:55
P0236,Modern Mouse 0236,Books,498.08,356,ACTIVE,1,2026-09-01 09:03:56
P0237,Modern Charger 0237,Sports,465.51,264,ACTIVE,1,2026-09-01 09:03:57
P0238,Everyday Storage Box 0238,Home,730.04,371,ACTIVE,1,2026-09-01 09:03:58
P0239,Modern Mug 0239,Grocery,76.82,132,ACTIVE,1,2026-09-01 09:03:59
P0240,Compact Jacket 0240,Clothing,511.12,107,ACTIVE,1,2026-09-01 09:04:00
P0241,Classic Keyboard 0241,Beauty,437.98,51,ACTIVE,1,2026-09-01 09:04:01
P0242,Eco Clock 0242,Beauty,876.73,285,ACTIVE,1,2026-09-01 09:04:02
P0243,Smart Puzzle 0243,Books,702.31,96,ACTIVE,1,2026-09-01 09:04:03
P0244,Eco Headphones 0244,Electronics,146.55,392,ACTIVE,1,2026-09-01 09:04:04
P0245,Everyday Bottle 0245,Books,813.07,295,ACTIVE,1,2026-09-01 09:04:05
P0246,Classic Headphones 0246,Electronics,543.33,366,ACTIVE,1,2026-09-01 09:04:06
P0247,Modern Lamp 0247,Sports,577.99,281,ACTIVE,1,2026-09-01 09:04:07
P0248,Modern Brush 0248,Toys,168.18,208,ACTIVE,1,2026-09-01 09:04:08
P0249,Smart Clock 0249,Home,277.24,458,ACTIVE,1,2026-09-01 09:04:09
P0250,Eco Jacket 0250,Toys,46.88,22,ACTIVE,1,2026-09-01 09:04:10
P0251,Essential Brush 0251,Electronics,303.63,94,ACTIVE,1,2026-09-01 09:04:11
P0252,Essential Jacket 0252,Beauty,466.39,188,ACTIVE,1,2026-09-01 09:04:12
P0253,Essential Keyboard 0253,Sports,303.44,271,ACTIVE,1,2026-09-01 09:04:13
P0254,Premium Jacket 0254,Sports,602.27,382,ACTIVE,1,2026-09-01 09:04:14
P0255,Classic Lamp 0255,Home,79.03,59,ACTIVE,1,2026-09-01 09:04:15
P0256,Eco Bottle 0256,Sports,779.13,408,ACTIVE,1,2026-09-01 09:04:16
P0257,Everyday Headphones 0257,Books,179.47,104,ACTIVE,1,2026-09-01 09:04:17
P0258,Eco Backpack 0258,Home,624.25,172,ACTIVE,1,2026-09-01 09:04:18
P0259,Smart Headphones 0259,Grocery,624.21,278,ACTIVE,1,2026-09-01 09:04:19
P0260,Essential Mug 0260,Home,842.98,31,ACTIVE,1,2026-09-01 09:04:20
P0261,Modern Headphones 0261,Grocery,455.54,123,ACTIVE,1,2026-09-01 09:04:21
P0262,Smart Headphones 0262,Electronics,756.79,287,ACTIVE,1,2026-09-01 09:04:22
P0263,Classic Clock 0263,Books,466.14,325,ACTIVE,1,2026-09-01 09:04:23
P0264,Essential Keyboard 0264,Sports,431.48,267,ACTIVE,1,2026-09-01 09:04:24
P0265,Premium Jacket 0265,Clothing,618.93,434,ACTIVE,1,2026-09-01 09:04:25
P0266,Compact Jacket 0266,Home,778.2,26,ACTIVE,1,2026-09-01 09:04:26
P0267,Modern Puzzle 0267,Grocery,241.93,372,ACTIVE,1,2026-09-01 09:04:27
P0268,Smart Storage Box 0268,Electronics,628.06,350,ACTIVE,1,2026-09-01 09:04:28
P0269,Compact Puzzle 0269,Grocery,708.85,193,ACTIVE,1,2026-09-01 09:04:29
P0270,Modern Backpack 0270,Toys,507.7,355,ACTIVE,1,2026-09-01 09:04:30
P0271,Compact Speaker 0271,Toys,711.71,262,ACTIVE,1,2026-09-01 09:04:31
P0272,Compact Towel 0272,Books,826.97,294,ACTIVE,1,2026-09-01 09:04:32
P0273,Classic Brush 0273,Beauty,243.96,328,ACTIVE,1,2026-09-01 09:04:33
P0274,Essential Speaker 0274,Grocery,15.01,372,ACTIVE,1,2026-09-01 09:04:34
P0275,Smart Storage Box 0275,Home,352.64,107,ACTIVE,1,2026-09-01 09:04:35
P0276,Modern Backpack 0276,Sports,622.06,221,ACTIVE,1,2026-09-01 09:04:36
P0277,Modern Headphones 0277,Grocery,292.23,252,ACTIVE,1,2026-09-01 09:04:37
P0278,Essential Charger 0278,Home,520.55,465,ACTIVE,1,2026-09-01 09:04:38
P0279,Premium Brush 0279,Electronics,196.06,456,ACTIVE,1,2026-09-01 09:04:39
P0280,Compact Brush 0280,Books,825.45,247,ACTIVE,1,2026-09-01 09:04:40
P0281,Premium Speaker 0281,Electronics,416.67,251,ACTIVE,1,2026-09-01 09:04:41
P0282,Smart Brush 0282,Beauty,81.79,315,ACTIVE,1,2026-09-01 09:04:42
P0283,Essential Backpack 0283,Books,32.73,186,ACTIVE,1,2026-09-01 09:04:43
P0284,Classic Charger 0284,Toys,534.17,78,ACTIVE,1,2026-09-01 09:04:44
P0285,Classic Backpack 0285,Electronics,897.78,238,ACTIVE,1,2026-09-01 09:04:45
P0286,Smart Puzzle 0286,Home,168.51,51,ACTIVE,1,2026-09-01 09:04:46
P0287,Essential Notebook 0287,Home,315.26,192,ACTIVE,1,2026-09-01 09:04:47
P0288,Eco Towel 0288,Electronics,504.85,251,ACTIVE,1,2026-09-01 09:04:48
P0289,Modern Puzzle 0289,Sports,164.16,207,ACTIVE,1,2026-09-01 09:04:49
P0290,Everyday Headphones 0290,Sports,733.1,60,ACTIVE,1,2026-09-01 09:04:50
P0291,Classic Towel 0291,Toys,219.99,374,ACTIVE,1,2026-09-01 09:04:51
P0292,Classic Jacket 0292,Grocery,796.26,99,ACTIVE,1,2026-09-01 09:04:52
P0293,Essential Backpack 0293,Beauty,390.54,183,ACTIVE,1,2026-09-01 09:04:53
P0294,Everyday Brush 0294,Clothing,611.67,150,ACTIVE,1,2026-09-01 09:04:54
P0295,Smart Clock 0295,Sports,300.07,240,ACTIVE,1,2026-09-01 09:04:55
P0296,Smart Jacket 0296,Toys,756.14,341,ACTIVE,1,2026-09-01 09:04:56
P0297,Everyday Brush 0297,Beauty,183.66,87,ACTIVE,1,2026-09-01 09:04:57
P0298,Eco Mug 0298,Toys,199.57,413,ACTIVE,1,2026-09-01 09:04:58
P0299,Classic Backpack 0299,Grocery,721.91,395,ACTIVE,1,2026-09-01 09:04:59
P0300,Modern Bottle 0300,Toys,62.3,24,ACTIVE,1,2026-09-01 09:05:00
P0301,Everyday Bottle 0301,Grocery,261.57,345,ACTIVE,1,2026-09-01 09:05:01
P0302,Modern Speaker 0302,Clothing,524.88,492,ACTIVE,1,2026-09-01 09:05:02
P0303,Compact Notebook 0303,Home,566.97,448,ACTIVE,1,2026-09-01 09:05:03
P0304,Smart Jacket 0304,Beauty,887.29,414,ACTIVE,1,2026-09-01 09:05:04
P0305,Everyday Jacket 0305,Toys,533.16,157,ACTIVE,1,2026-09-01 09:05:05
P0306,Modern Storage Box 0306,Books,60.35,250,ACTIVE,1,2026-09-01 09:05:06
P0307,Smart Jacket 0307,Beauty,43.62,181,ACTIVE,1,2026-09-01 09:05:07
P0308,Essential Towel 0308,Grocery,666.11,195,ACTIVE,1,2026-09-01 09:05:08
P0309,Everyday Headphones 0309,Toys,165.48,300,ACTIVE,1,2026-09-01 09:05:09
P0310,Smart Keyboard 0310,Electronics,109.56,296,ACTIVE,1,2026-09-01 09:05:10
P0311,Essential Clock 0311,Books,372.86,349,ACTIVE,1,2026-09-01 09:05:11
P0312,Essential Keyboard 0312,Sports,593.54,227,ACTIVE,1,2026-09-01 09:05:12
P0313,Everyday Headphones 0313,Beauty,802.22,139,ACTIVE,1,2026-09-01 09:05:13
P0314,Smart Notebook 0314,Electronics,592.58,69,ACTIVE,1,2026-09-01 09:05:14
P0315,Essential Puzzle 0315,Books,252.52,498,ACTIVE,1,2026-09-01 09:05:15
P0316,Eco Speaker 0316,Toys,719.76,118,ACTIVE,1,2026-09-01 09:05:16
P0317,Smart Jacket 0317,Grocery,309.78,76,ACTIVE,1,2026-09-01 09:05:17
P0318,Compact Keyboard 0318,Grocery,344.54,408,ACTIVE,1,2026-09-01 09:05:18
P0319,Modern Bottle 0319,Beauty,433.37,303,ACTIVE,1,2026-09-01 09:05:19
P0320,Classic Clock 0320,Toys,555.18,398,ACTIVE,1,2026-09-01 09:05:20
P0321,Smart Backpack 0321,Grocery,577.15,192,ACTIVE,1,2026-09-01 09:05:21
P0322,Smart Storage Box 0322,Electronics,167.35,448,ACTIVE,1,2026-09-01 09:05:22
P0323,Everyday Headphones 0323,Sports,731.62,219,ACTIVE,1,2026-09-01 09:05:23
P0324,Modern Speaker 0324,Electronics,660.55,319,ACTIVE,1,2026-09-01 09:05:24
P0325,Classic Charger 0325,Toys,252.3,196,ACTIVE,1,2026-09-01 09:05:25
P0326,Premium Speaker 0326,Electronics,203.1,377,ACTIVE,1,2026-09-01 09:05:26
P0327,Eco Speaker 0327,Books,467.52,22,ACTIVE,1,2026-09-01 09:05:27
P0328,Smart Backpack 0328,Sports,90.94,223,ACTIVE,1,2026-09-01 09:05:28
P0329,Eco Storage Box 0329,Books,394.55,286,ACTIVE,1,2026-09-01 09:05:29
P0330,Classic Mug 0330,Books,468.87,169,ACTIVE,1,2026-09-01 09:05:30
P0331,Modern Mouse 0331,Books,109.56,113,ACTIVE,1,2026-09-01 09:05:31
P0332,Compact Charger 0332,Beauty,300.3,181,ACTIVE,1,2026-09-01 09:05:32
P0333,Compact Brush 0333,Toys,736.51,105,ACTIVE,1,2026-09-01 09:05:33
P0334,Compact Puzzle 0334,Electronics,805.47,431,ACTIVE,1,2026-09-01 09:05:34
P0335,Classic Towel 0335,Electronics,19.99,60,ACTIVE,1,2026-09-01 09:05:35
P0336,Everyday Headphones 0336,Books,408.39,154,ACTIVE,1,2026-09-01 09:05:36
P0337,Classic Charger 0337,Books,171.19,258,ACTIVE,1,2026-09-01 09:05:37
P0338,Everyday Puzzle 0338,Beauty,639.08,412,ACTIVE,1,2026-09-01 09:05:38
P0339,Everyday Mug 0339,Electronics,620.05,51,ACTIVE,1,2026-09-01 09:05:39
P0340,Essential Clock 0340,Grocery,256.53,334,ACTIVE,1,2026-09-01 09:05:40
P0341,Everyday Headphones 0341,Home,249.74,194,ACTIVE,1,2026-09-01 09:05:41
P0342,Compact Charger 0342,Clothing,553.98,123,ACTIVE,1,2026-09-01 09:05:42
P0343,Premium Speaker 0343,Electronics,198.26,166,ACTIVE,1,2026-09-01 09:05:43
P0344,Essential Puzzle 0344,Beauty,612.66,189,ACTIVE,1,2026-09-01 09:05:44
P0345,Premium Headphones 0345,Books,474.97,267,ACTIVE,1,2026-09-01 09:05:45
P0346,Modern Mug 0346,Home,497.55,346,ACTIVE,1,2026-09-01 09:05:46
P0347,Smart Bottle 0347,Grocery,163.68,131,ACTIVE,1,2026-09-01 09:05:47
P0348,Compact Brush 0348,Grocery,697.13,486,ACTIVE,1,2026-09-01 09:05:48
P0349,Eco Keyboard 0349,Home,429.96,439,ACTIVE,1,2026-09-01 09:05:49
P0350,Eco Mug 0350,Home,766.12,85,ACTIVE,1,2026-09-01 09:05:50
P0351,Classic Brush 0351,Grocery,314.87,113,ACTIVE,1,2026-09-01 09:05:51
P0352,Premium Backpack 0352,Grocery,55.33,358,ACTIVE,1,2026-09-01 09:05:52
P0353,Smart Keyboard 0353,Toys,423.3,386,ACTIVE,1,2026-09-01 09:05:53
P0354,Modern Charger 0354,Clothing,199.9,44,ACTIVE,1,2026-09-01 09:05:54
P0355,Everyday Brush 0355,Home,40.31,89,ACTIVE,1,2026-09-01 09:05:55
P0356,Premium Jacket 0356,Books,74.55,450,ACTIVE,1,2026-09-01 09:05:56
P0357,Essential Jacket 0357,Beauty,756.19,185,ACTIVE,1,2026-09-01 09:05:57
P0358,Premium Mug 0358,Electronics,267.36,73,ACTIVE,1,2026-09-01 09:05:58
P0359,Premium Speaker 0359,Clothing,290.01,259,ACTIVE,1,2026-09-01 09:05:59
P0360,Everyday Charger 0360,Books,737.19,101,ACTIVE,1,2026-09-01 09:06:00
P0361,Essential Notebook 0361,Books,811.28,494,ACTIVE,1,2026-09-01 09:06:01
P0362,Essential Backpack 0362,Books,453.01,289,ACTIVE,1,2026-09-01 09:06:02
P0363,Premium Clock 0363,Sports,290.31,366,ACTIVE,1,2026-09-01 09:06:03
P0364,Modern Headphones 0364,Grocery,308.34,465,ACTIVE,1,2026-09-01 09:06:04
P0365,Eco Jacket 0365,Beauty,623.77,83,ACTIVE,1,2026-09-01 09:06:05
P0366,Premium Backpack 0366,Beauty,83.64,269,ACTIVE,1,2026-09-01 09:06:06
P0367,Classic Bottle 0367,Sports,102.77,434,ACTIVE,1,2026-09-01 09:06:07
P0368,Everyday Speaker 0368,Toys,305.61,486,ACTIVE,1,2026-09-01 09:06:08
P0369,Premium Towel 0369,Beauty,842.13,193,ACTIVE,1,2026-09-01 09:06:09
P0370,Essential Mug 0370,Home,559.77,291,ACTIVE,1,2026-09-01 09:06:10
P0371,Everyday Speaker 0371,Toys,131.14,205,ACTIVE,1,2026-09-01 09:06:11
P0372,Smart Speaker 0372,Toys,80.81,30,ACTIVE,1,2026-09-01 09:06:12
P0373,Modern Puzzle 0373,Grocery,869.23,369,ACTIVE,1,2026-09-01 09:06:13
P0374,Compact Jacket 0374,Home,539.68,208,ACTIVE,1,2026-09-01 09:06:14
P0375,Eco Notebook 0375,Grocery,505.84,205,ACTIVE,1,2026-09-01 09:06:15
P0376,Premium Mouse 0376,Sports,692.27,481,ACTIVE,1,2026-09-01 09:06:16
P0377,Premium Lamp 0377,Grocery,46.35,347,ACTIVE,1,2026-09-01 09:06:17
P0378,Smart Storage Box 0378,Sports,468.88,118,ACTIVE,1,2026-09-01 09:06:18
P0379,Compact Storage Box 0379,Sports,552.98,442,ACTIVE,1,2026-09-01 09:06:19
P0380,Smart Clock 0380,Books,140.84,343,ACTIVE,1,2026-09-01 09:06:20
P0381,Modern Lamp 0381,Electronics,665.95,427,ACTIVE,1,2026-09-01 09:06:21
P0382,Modern Clock 0382,Grocery,284.12,339,ACTIVE,1,2026-09-01 09:06:22
P0383,Classic Headphones 0383,Clothing,371.48,55,ACTIVE,1,2026-09-01 09:06:23
P0384,Eco Charger 0384,Grocery,866.91,60,ACTIVE,1,2026-09-01 09:06:24
P0385,Eco Towel 0385,Grocery,467.33,81,ACTIVE,1,2026-09-01 09:06:25
P0386,Classic Backpack 0386,Grocery,141.69,481,ACTIVE,1,2026-09-01 09:06:26
P0387,Essential Puzzle 0387,Grocery,827.37,223,ACTIVE,1,2026-09-01 09:06:27
P0388,Everyday Backpack 0388,Grocery,775.24,118,ACTIVE,1,2026-09-01 09:06:28
P0389,Premium Clock 0389,Toys,428.12,52,ACTIVE,1,2026-09-01 09:06:29
P0390,Eco Backpack 0390,Books,792.64,103,ACTIVE,1,2026-09-01 09:06:30
P0391,Modern Storage Box 0391,Toys,140.96,63,ACTIVE,1,2026-09-01 09:06:31
P0392,Classic Headphones 0392,Clothing,395.92,224,ACTIVE,1,2026-09-01 09:06:32
P0393,Eco Charger 0393,Sports,646.27,300,ACTIVE,1,2026-09-01 09:06:33
P0394,Modern Mouse 0394,Grocery,437.09,22,ACTIVE,1,2026-09-01 09:06:34
P0395,Modern Storage Box 0395,Toys,415.86,299,ACTIVE,1,2026-09-01 09:06:35
P0396,Modern Notebook 0396,Toys,827.7,289,ACTIVE,1,2026-09-01 09:06:36
P0397,Premium Mouse 0397,Sports,333.63,311,ACTIVE,1,2026-09-01 09:06:37
P0398,Classic Mug 0398,Beauty,363.42,333,ACTIVE,1,2026-09-01 09:06:38
P0399,Everyday Keyboard 0399,Beauty,455.85,129,ACTIVE,1,2026-09-01 09:06:39
P0400,Essential Brush 0400,Toys,274.34,404,ACTIVE,1,2026-09-01 09:06:40
P0401,Premium Backpack 0401,Beauty,681.67,211,ACTIVE,1,2026-09-01 09:06:41
P0402,Modern Backpack 0402,Electronics,329.87,53,ACTIVE,1,2026-09-01 09:06:42
P0403,Classic Brush 0403,Grocery,448.1,386,ACTIVE,1,2026-09-01 09:06:43
P0404,Eco Puzzle 0404,Electronics,308.47,115,ACTIVE,1,2026-09-01 09:06:44
P0405,Classic Clock 0405,Grocery,705.26,54,ACTIVE,1,2026-09-01 09:06:45
P0406,Modern Mug 0406,Sports,449.29,171,ACTIVE,1,2026-09-01 09:06:46
P0407,Eco Bottle 0407,Clothing,764.94,298,ACTIVE,1,2026-09-01 09:06:47
P0408,Smart Charger 0408,Clothing,394.66,354,ACTIVE,1,2026-09-01 09:06:48
P0409,Premium Clock 0409,Home,836.18,145,ACTIVE,1,2026-09-01 09:06:49
P0410,Premium Backpack 0410,Electronics,873.51,325,ACTIVE,1,2026-09-01 09:06:50
P0411,Essential Towel 0411,Clothing,348.71,318,ACTIVE,1,2026-09-01 09:06:51
P0412,Essential Brush 0412,Clothing,294.98,210,ACTIVE,1,2026-09-01 09:06:52
P0413,Classic Notebook 0413,Beauty,744.55,445,ACTIVE,1,2026-09-01 09:06:53
P0414,Eco Clock 0414,Home,887.62,190,ACTIVE,1,2026-09-01 09:06:54
P0415,Smart Charger 0415,Sports,591.44,106,ACTIVE,1,2026-09-01 09:06:55
P0416,Everyday Clock 0416,Home,396.81,423,ACTIVE,1,2026-09-01 09:06:56
P0417,Premium Bottle 0417,Sports,286.37,470,ACTIVE,1,2026-09-01 09:06:57
P0418,Essential Brush 0418,Books,768.22,385,ACTIVE,1,2026-09-01 09:06:58
P0419,Premium Headphones 0419,Sports,280.19,311,ACTIVE,1,2026-09-01 09:06:59
P0420,Everyday Charger 0420,Sports,523.22,333,ACTIVE,1,2026-09-01 09:07:00
P0421,Premium Mug 0421,Books,386.49,486,ACTIVE,1,2026-09-01 09:07:01
P0422,Everyday Storage Box 0422,Sports,300.31,193,ACTIVE,1,2026-09-01 09:07:02
P0423,Compact Speaker 0423,Toys,294.08,312,ACTIVE,1,2026-09-01 09:07:03
P0424,Smart Mouse 0424,Clothing,501.06,185,ACTIVE,1,2026-09-01 09:07:04
P0425,Eco Lamp 0425,Clothing,181.18,293,ACTIVE,1,2026-09-01 09:07:05
P0426,Eco Brush 0426,Electronics,752.77,196,ACTIVE,1,2026-09-01 09:07:06
P0427,Essential Headphones 0427,Home,361.54,99,ACTIVE,1,2026-09-01 09:07:07
P0428,Essential Mouse 0428,Electronics,763.61,196,ACTIVE,1,2026-09-01 09:07:08
P0429,Compact Lamp 0429,Beauty,401.33,280,ACTIVE,1,2026-09-01 09:07:09
P0430,Everyday Mug 0430,Sports,488.49,171,ACTIVE,1,2026-09-01 09:07:10
P0431,Classic Notebook 0431,Electronics,889.84,461,ACTIVE,1,2026-09-01 09:07:11
P0432,Compact Clock 0432,Sports,323.58,486,ACTIVE,1,2026-09-01 09:07:12
P0433,Everyday Brush 0433,Books,290.47,34,ACTIVE,1,2026-09-01 09:07:13
P0434,Smart Backpack 0434,Grocery,278.23,142,ACTIVE,1,2026-09-01 09:07:14
P0435,Classic Mug 0435,Grocery,570.26,356,ACTIVE,1,2026-09-01 09:07:15
P0436,Compact Speaker 0436,Home,611.71,463,ACTIVE,1,2026-09-01 09:07:16
P0437,Compact Brush 0437,Home,346.31,233,ACTIVE,1,2026-09-01 09:07:17
P0438,Classic Lamp 0438,Beauty,342.56,201,ACTIVE,1,2026-09-01 09:07:18
P0439,Everyday Storage Box 0439,Toys,855.4,133,ACTIVE,1,2026-09-01 09:07:19
P0440,Essential Puzzle 0440,Sports,525.69,355,ACTIVE,1,2026-09-01 09:07:20
P0441,Classic Clock 0441,Grocery,335.64,470,ACTIVE,1,2026-09-01 09:07:21
P0442,Premium Bottle 0442,Books,293.23,210,ACTIVE,1,2026-09-01 09:07:22
P0443,Premium Brush 0443,Home,115.76,471,ACTIVE,1,2026-09-01 09:07:23
P0444,Everyday Keyboard 0444,Sports,421.02,28,ACTIVE,1,2026-09-01 09:07:24
P0445,Compact Headphones 0445,Toys,422.55,73,ACTIVE,1,2026-09-01 09:07:25
P0446,Modern Jacket 0446,Books,337.36,105,ACTIVE,1,2026-09-01 09:07:26
P0447,Modern Storage Box 0447,Home,233.03,192,ACTIVE,1,2026-09-01 09:07:27
P0448,Eco Clock 0448,Sports,324.79,91,ACTIVE,1,2026-09-01 09:07:28
P0449,Smart Notebook 0449,Home,845.35,373,ACTIVE,1,2026-09-01 09:07:29
P0450,Premium Clock 0450,Toys,585.55,251,ACTIVE,1,2026-09-01 09:07:30
P0451,Smart Backpack 0451,Electronics,616.84,125,ACTIVE,1,2026-09-01 09:07:31
P0452,Smart Speaker 0452,Sports,198.67,157,ACTIVE,1,2026-09-01 09:07:32
P0453,Essential Mouse 0453,Beauty,372.71,443,ACTIVE,1,2026-09-01 09:07:33
P0454,Essential Mouse 0454,Toys,508.18,58,ACTIVE,1,2026-09-01 09:07:34
P0455,Everyday Keyboard 0455,Books,253.54,310,ACTIVE,1,2026-09-01 09:07:35
P0456,Premium Bottle 0456,Grocery,735.69,346,ACTIVE,1,2026-09-01 09:07:36
P0457,Classic Brush 0457,Electronics,165.52,20,ACTIVE,1,2026-09-01 09:07:37
P0458,Everyday Towel 0458,Electronics,340.22,72,ACTIVE,1,2026-09-01 09:07:38
P0459,Modern Backpack 0459,Grocery,295.2,303,ACTIVE,1,2026-09-01 09:07:39
P0460,Compact Backpack 0460,Beauty,129.52,478,ACTIVE,1,2026-09-01 09:07:40
P0461,Modern Bottle 0461,Grocery,30.19,127,ACTIVE,1,2026-09-01 09:07:41
P0462,Compact Backpack 0462,Beauty,730.74,390,ACTIVE,1,2026-09-01 09:07:42
P0463,Compact Mouse 0463,Grocery,654.74,183,ACTIVE,1,2026-09-01 09:07:43
P0464,Classic Bottle 0464,Home,456.18,151,ACTIVE,1,2026-09-01 09:07:44
P0465,Compact Puzzle 0465,Toys,21.91,306,ACTIVE,1,2026-09-01 09:07:45
P0466,Modern Notebook 0466,Grocery,198.65,128,ACTIVE,1,2026-09-01 09:07:46
P0467,Compact Backpack 0467,Toys,427.83,470,ACTIVE,1,2026-09-01 09:07:47
P0468,Modern Puzzle 0468,Home,317.03,80,ACTIVE,1,2026-09-01 09:07:48
P0469,Smart Backpack 0469,Clothing,437.29,456,ACTIVE,1,2026-09-01 09:07:49
P0470,Premium Headphones 0470,Home,692.24,217,ACTIVE,1,2026-09-01 09:07:50
P0471,Smart Headphones 0471,Books,487.92,51,ACTIVE,1,2026-09-01 09:07:51
P0472,Classic Towel 0472,Sports,635.95,47,ACTIVE,1,2026-09-01 09:07:52
P0473,Premium Mouse 0473,Clothing,50.97,283,ACTIVE,1,2026-09-01 09:07:53
P0474,Compact Notebook 0474,Home,178.55,174,ACTIVE,1,2026-09-01 09:07:54
P0475,Smart Mouse 0475,Home,34.92,366,ACTIVE,1,2026-09-01 09:07:55
P0476,Everyday Speaker 0476,Sports,544.51,414,ACTIVE,1,2026-09-01 09:07:56
P0477,Everyday Towel 0477,Books,796.88,127,ACTIVE,1,2026-09-01 09:07:57
P0478,Essential Clock 0478,Beauty,500.7,483,ACTIVE,1,2026-09-01 09:07:58
P0479,Premium Charger 0479,Electronics,269.99,353,ACTIVE,1,2026-09-01 09:07:59
P0480,Premium Headphones 0480,Books,819.83,111,ACTIVE,1,2026-09-01 09:08:00
P0481,Smart Keyboard 0481,Grocery,609.05,245,ACTIVE,1,2026-09-01 09:08:01
P0482,Eco Storage Box 0482,Beauty,79.52,152,ACTIVE,1,2026-09-01 09:08:02
P0483,Premium Speaker 0483,Beauty,289.16,312,ACTIVE,1,2026-09-01 09:08:03
P0484,Eco Keyboard 0484,Books,613.51,227,ACTIVE,1,2026-09-01 09:08:04
P0485,Eco Notebook 0485,Home,485.5,416,ACTIVE,1,2026-09-01 09:08:05
P0486,Everyday Mug 0486,Electronics,744.62,425,ACTIVE,1,2026-09-01 09:08:06
P0487,Modern Lamp 0487,Beauty,625.24,353,ACTIVE,1,2026-09-01 09:08:07
P0488,Classic Keyboard 0488,Toys,134.14,438,ACTIVE,1,2026-09-01 09:08:08
P0489,Everyday Storage Box 0489,Clothing,678.88,127,ACTIVE,1,2026-09-01 09:08:09
P0490,Essential Lamp 0490,Toys,620.12,480,ACTIVE,1,2026-09-01 09:08:10
P0491,Everyday Puzzle 0491,Sports,346.68,33,ACTIVE,1,2026-09-01 09:08:11
P0492,Essential Notebook 0492,Sports,273.52,194,ACTIVE,1,2026-09-01 09:08:12
P0493,Smart Mouse 0493,Books,82.67,130,ACTIVE,1,2026-09-01 09:08:13
P0494,Smart Charger 0494,Sports,513.45,324,ACTIVE,1,2026-09-01 09:08:14
P0495,Compact Storage Box 0495,Books,6.28,179,ACTIVE,1,2026-09-01 09:08:15
P0496,Smart Jacket 0496,Toys,350.92,64,ACTIVE,1,2026-09-01 09:08:16
P0497,Eco Headphones 0497,Home,868.83,39,ACTIVE,1,2026-09-01 09:08:17
P0498,Smart Lamp 0498,Clothing,711.05,326,ACTIVE,1,2026-09-01 09:08:18
P0499,Essential Notebook 0499,Sports,459.05,316,ACTIVE,1,2026-09-01 09:08:19
P0500,Classic Brush 0500,Electronics,815.12,174,ACTIVE,1,2026-09-01 09:08:20
P0501,Essential Speaker 0501,Electronics,263.7,99,ACTIVE,1,2026-09-01 09:08:21
P0502,Smart Mug 0502,Grocery,218.12,349,ACTIVE,1,2026-09-01 09:08:22
P0503,Smart Storage Box 0503,Sports,87.56,85,ACTIVE,1,2026-09-01 09:08:23
P0504,Compact Mug 0504,Beauty,638.59,88,ACTIVE,1,2026-09-01 09:08:24
P0505,Eco Bottle 0505,Electronics,398.57,31,ACTIVE,1,2026-09-01 09:08:25
P0506,Compact Speaker 0506,Books,654.86,365,ACTIVE,1,2026-09-01 09:08:26
P0507,Modern Notebook 0507,Beauty,797.33,423,ACTIVE,1,2026-09-01 09:08:27
P0508,Smart Speaker 0508,Toys,309.96,252,ACTIVE,1,2026-09-01 09:08:28
P0509,Smart Charger 0509,Books,742.27,386,ACTIVE,1,2026-09-01 09:08:29
P0510,Classic Keyboard 0510,Books,342.24,116,ACTIVE,1,2026-09-01 09:08:30
P0511,Everyday Mouse 0511,Grocery,149.64,322,ACTIVE,1,2026-09-01 09:08:31
P0512,Classic Bottle 0512,Books,718.6,241,ACTIVE,1,2026-09-01 09:08:32
P0513,Compact Jacket 0513,Clothing,424.02,362,ACTIVE,1,2026-09-01 09:08:33
P0514,Compact Storage Box 0514,Electronics,895.38,328,ACTIVE,1,2026-09-01 09:08:34
P0515,Modern Clock 0515,Electronics,671.37,352,ACTIVE,1,2026-09-01 09:08:35
P0516,Essential Towel 0516,Home,371.35,410,ACTIVE,1,2026-09-01 09:08:36
P0517,Eco Lamp 0517,Books,867.28,464,ACTIVE,1,2026-09-01 09:08:37
P0518,Premium Keyboard 0518,Sports,399.65,378,ACTIVE,1,2026-09-01 09:08:38
P0519,Modern Puzzle 0519,Clothing,672.18,348,ACTIVE,1,2026-09-01 09:08:39
P0520,Modern Clock 0520,Grocery,225.24,63,ACTIVE,1,2026-09-01 09:08:40
P0521,Eco Mug 0521,Clothing,707.6,419,ACTIVE,1,2026-09-01 09:08:41
P0522,Smart Brush 0522,Home,819.8,145,ACTIVE,1,2026-09-01 09:08:42
P0523,Eco Keyboard 0523,Electronics,187.65,32,ACTIVE,1,2026-09-01 09:08:43
P0524,Essential Backpack 0524,Home,844.96,191,ACTIVE,1,2026-09-01 09:08:44
P0525,Essential Puzzle 0525,Books,486.02,299,ACTIVE,1,2026-09-01 09:08:45
P0526,Compact Charger 0526,Electronics,788.97,350,ACTIVE,1,2026-09-01 09:08:46
P0527,Smart Lamp 0527,Books,450.76,225,ACTIVE,1,2026-09-01 09:08:47
P0528,Premium Charger 0528,Sports,889.08,42,ACTIVE,1,2026-09-01 09:08:48
P0529,Eco Headphones 0529,Sports,426.81,211,ACTIVE,1,2026-09-01 09:08:49
P0530,Eco Lamp 0530,Electronics,885.14,442,ACTIVE,1,2026-09-01 09:08:50
P0531,Modern Mug 0531,Grocery,654.83,410,ACTIVE,1,2026-09-01 09:08:51
P0532,Eco Brush 0532,Sports,120.22,381,ACTIVE,1,2026-09-01 09:08:52
P0533,Smart Keyboard 0533,Sports,346.74,118,ACTIVE,1,2026-09-01 09:08:53
P0534,Everyday Backpack 0534,Toys,874.18,360,ACTIVE,1,2026-09-01 09:08:54
P0535,Compact Jacket 0535,Books,399.03,275,ACTIVE,1,2026-09-01 09:08:55
P0536,Classic Lamp 0536,Electronics,41.25,145,ACTIVE,1,2026-09-01 09:08:56
P0537,Smart Clock 0537,Clothing,227.32,317,ACTIVE,1,2026-09-01 09:08:57
P0538,Compact Speaker 0538,Sports,774.14,282,ACTIVE,1,2026-09-01 09:08:58
P0539,Modern Brush 0539,Beauty,43.32,495,ACTIVE,1,2026-09-01 09:08:59
P0540,Eco Charger 0540,Toys,307.2,313,ACTIVE,1,2026-09-01 09:09:00
P0541,Classic Brush 0541,Toys,513.07,380,ACTIVE,1,2026-09-01 09:09:01
P0542,Premium Clock 0542,Toys,255.42,342,ACTIVE,1,2026-09-01 09:09:02
P0543,Classic Towel 0543,Toys,458.48,158,ACTIVE,1,2026-09-01 09:09:03
P0544,Premium Clock 0544,Sports,138.69,291,ACTIVE,1,2026-09-01 09:09:04
P0545,Premium Bottle 0545,Sports,330.78,48,ACTIVE,1,2026-09-01 09:09:05
P0546,Essential Storage Box 0546,Clothing,338.2,447,ACTIVE,1,2026-09-01 09:09:06
P0547,Classic Backpack 0547,Home,112.21,155,ACTIVE,1,2026-09-01 09:09:07
P0548,Essential Towel 0548,Grocery,56.28,319,ACTIVE,1,2026-09-01 09:09:08
P0549,Eco Headphones 0549,Toys,677.59,41,ACTIVE,1,2026-09-01 09:09:09
P0550,Compact Storage Box 0550,Grocery,74.36,178,ACTIVE,1,2026-09-01 09:09:10
P0551,Essential Speaker 0551,Home,445.67,104,ACTIVE,1,2026-09-01 09:09:11
P0552,Classic Headphones 0552,Books,161.15,157,ACTIVE,1,2026-09-01 09:09:12
P0553,Eco Towel 0553,Electronics,834.78,122,ACTIVE,1,2026-09-01 09:09:13
P0554,Premium Bottle 0554,Toys,224.63,431,ACTIVE,1,2026-09-01 09:09:14
P0555,Classic Headphones 0555,Books,268.03,441,ACTIVE,1,2026-09-01 09:09:15
P0556,Essential Speaker 0556,Books,450.63,172,ACTIVE,1,2026-09-01 09:09:16
P0557,Smart Charger 0557,Grocery,101.03,199,ACTIVE,1,2026-09-01 09:09:17
P0558,Modern Backpack 0558,Clothing,171.98,119,ACTIVE,1,2026-09-01 09:09:18
P0559,Modern Lamp 0559,Toys,407.28,213,ACTIVE,1,2026-09-01 09:09:19
P0560,Smart Clock 0560,Grocery,99.37,383,ACTIVE,1,2026-09-01 09:09:20
P0561,Modern Notebook 0561,Home,263.61,28,ACTIVE,1,2026-09-01 09:09:21
P0562,Modern Mug 0562,Electronics,501.06,301,ACTIVE,1,2026-09-01 09:09:22
P0563,Compact Keyboard 0563,Beauty,290.25,447,ACTIVE,1,2026-09-01 09:09:23
P0564,Classic Backpack 0564,Sports,576.93,120,ACTIVE,1,2026-09-01 09:09:24
P0565,Modern Notebook 0565,Toys,479.91,389,ACTIVE,1,2026-09-01 09:09:25
P0566,Modern Charger 0566,Clothing,489.11,409,ACTIVE,1,2026-09-01 09:09:26
P0567,Everyday Charger 0567,Clothing,181.67,58,ACTIVE,1,2026-09-01 09:09:27
P0568,Essential Towel 0568,Electronics,392.54,345,ACTIVE,1,2026-09-01 09:09:28
P0569,Smart Jacket 0569,Clothing,854.72,103,ACTIVE,1,2026-09-01 09:09:29
P0570,Smart Clock 0570,Sports,641.67,206,ACTIVE,1,2026-09-01 09:09:30
P0571,Compact Bottle 0571,Sports,370.5,74,ACTIVE,1,2026-09-01 09:09:31
P0572,Eco Storage Box 0572,Beauty,103.89,117,ACTIVE,1,2026-09-01 09:09:32
P0573,Modern Clock 0573,Books,243.2,186,ACTIVE,1,2026-09-01 09:09:33
P0574,Modern Storage Box 0574,Electronics,181.31,54,ACTIVE,1,2026-09-01 09:09:34
P0575,Smart Storage Box 0575,Electronics,139.07,280,ACTIVE,1,2026-09-01 09:09:35
P0576,Compact Puzzle 0576,Sports,109.53,427,ACTIVE,1,2026-09-01 09:09:36
P0577,Compact Headphones 0577,Toys,875.64,181,ACTIVE,1,2026-09-01 09:09:37
P0578,Essential Mouse 0578,Books,898.83,452,ACTIVE,1,2026-09-01 09:09:38
P0579,Eco Towel 0579,Toys,547.64,413,ACTIVE,1,2026-09-01 09:09:39
P0580,Smart Notebook 0580,Toys,220.23,47,ACTIVE,1,2026-09-01 09:09:40
P0581,Smart Mouse 0581,Clothing,75.25,272,ACTIVE,1,2026-09-01 09:09:41
P0582,Eco Lamp 0582,Grocery,320.23,201,ACTIVE,1,2026-09-01 09:09:42
P0583,Eco Notebook 0583,Grocery,875.03,263,ACTIVE,1,2026-09-01 09:09:43
P0584,Compact Mouse 0584,Clothing,880.71,138,ACTIVE,1,2026-09-01 09:09:44
P0585,Smart Charger 0585,Grocery,53.05,279,ACTIVE,1,2026-09-01 09:09:45
P0586,Classic Backpack 0586,Sports,311.66,377,ACTIVE,1,2026-09-01 09:09:46
P0587,Premium Notebook 0587,Toys,78.08,289,ACTIVE,1,2026-09-01 09:09:47
P0588,Everyday Speaker 0588,Books,485.61,367,ACTIVE,1,2026-09-01 09:09:48
P0589,Smart Mouse 0589,Toys,237.95,312,ACTIVE,1,2026-09-01 09:09:49
P0590,Smart Lamp 0590,Clothing,425.4,469,ACTIVE,1,2026-09-01 09:09:50
P0591,Compact Jacket 0591,Clothing,602.61,165,ACTIVE,1,2026-09-01 09:09:51
P0592,Classic Keyboard 0592,Sports,69.77,472,ACTIVE,1,2026-09-01 09:09:52
P0593,Premium Notebook 0593,Electronics,493.3,434,ACTIVE,1,2026-09-01 09:09:53
P0594,Essential Backpack 0594,Sports,384.54,267,ACTIVE,1,2026-09-01 09:09:54
P0595,Premium Notebook 0595,Beauty,853.88,105,ACTIVE,1,2026-09-01 09:09:55
P0596,Modern Speaker 0596,Books,9.79,454,ACTIVE,1,2026-09-01 09:09:56
P0597,Compact Jacket 0597,Clothing,811.44,204,ACTIVE,1,2026-09-01 09:09:57
P0598,Everyday Bottle 0598,Toys,358.0,176,ACTIVE,1,2026-09-01 09:09:58
P0599,Everyday Towel 0599,Home,886.08,460,ACTIVE,1,2026-09-01 09:09:59
P0600,Eco Jacket 0600,Electronics,578.54,294,ACTIVE,1,2026-09-01 09:10:00
P0601,Everyday Headphones 0601,Toys,704.14,490,ACTIVE,1,2026-09-01 09:10:01
P0602,Eco Brush 0602,Books,212.98,23,ACTIVE,1,2026-09-01 09:10:02
P0603,Eco Backpack 0603,Grocery,272.37,434,ACTIVE,1,2026-09-01 09:10:03
P0604,Premium Mug 0604,Grocery,56.22,188,ACTIVE,1,2026-09-01 09:10:04
P0605,Modern Speaker 0605,Grocery,743.18,71,ACTIVE,1,2026-09-01 09:10:05
P0606,Modern Clock 0606,Grocery,633.66,338,ACTIVE,1,2026-09-01 09:10:06
P0607,Premium Storage Box 0607,Home,573.15,103,ACTIVE,1,2026-09-01 09:10:07
P0608,Modern Clock 0608,Electronics,346.76,360,ACTIVE,1,2026-09-01 09:10:08
P0609,Premium Mouse 0609,Sports,378.1,45,ACTIVE,1,2026-09-01 09:10:09
P0610,Premium Charger 0610,Electronics,641.68,174,ACTIVE,1,2026-09-01 09:10:10
P0611,Classic Charger 0611,Toys,752.97,143,ACTIVE,1,2026-09-01 09:10:11
P0612,Classic Mouse 0612,Toys,403.76,397,ACTIVE,1,2026-09-01 09:10:12
P0613,Everyday Towel 0613,Sports,386.37,359,ACTIVE,1,2026-09-01 09:10:13
P0614,Everyday Mug 0614,Books,557.08,113,ACTIVE,1,2026-09-01 09:10:14
P0615,Smart Mug 0615,Toys,615.06,116,ACTIVE,1,2026-09-01 09:10:15
P0616,Modern Towel 0616,Beauty,480.19,102,ACTIVE,1,2026-09-01 09:10:16
P0617,Compact Notebook 0617,Sports,404.59,298,ACTIVE,1,2026-09-01 09:10:17
P0618,Compact Notebook 0618,Sports,99.06,132,ACTIVE,1,2026-09-01 09:10:18
P0619,Essential Headphones 0619,Grocery,810.33,210,ACTIVE,1,2026-09-01 09:10:19
P0620,Essential Jacket 0620,Books,572.44,116,ACTIVE,1,2026-09-01 09:10:20
P0621,Smart Towel 0621,Clothing,895.67,126,ACTIVE,1,2026-09-01 09:10:21
P0622,Eco Mug 0622,Home,870.15,463,ACTIVE,1,2026-09-01 09:10:22
P0623,Classic Keyboard 0623,Clothing,865.98,90,ACTIVE,1,2026-09-01 09:10:23
P0624,Modern Towel 0624,Grocery,5.54,333,ACTIVE,1,2026-09-01 09:10:24
P0625,Eco Backpack 0625,Beauty,122.74,42,ACTIVE,1,2026-09-01 09:10:25
P0626,Modern Clock 0626,Clothing,56.78,220,ACTIVE,1,2026-09-01 09:10:26
P0627,Compact Charger 0627,Books,292.6,259,ACTIVE,1,2026-09-01 09:10:27
P0628,Premium Clock 0628,Toys,585.29,406,ACTIVE,1,2026-09-01 09:10:28
P0629,Compact Headphones 0629,Books,54.49,78,ACTIVE,1,2026-09-01 09:10:29
P0630,Everyday Mouse 0630,Beauty,368.03,275,ACTIVE,1,2026-09-01 09:10:30
P0631,Modern Charger 0631,Sports,423.01,434,ACTIVE,1,2026-09-01 09:10:31
P0632,Compact Keyboard 0632,Electronics,515.16,466,ACTIVE,1,2026-09-01 09:10:32
P0633,Eco Bottle 0633,Electronics,98.62,32,ACTIVE,1,2026-09-01 09:10:33
P0634,Premium Mouse 0634,Sports,536.35,57,ACTIVE,1,2026-09-01 09:10:34
P0635,Premium Clock 0635,Books,496.11,489,ACTIVE,1,2026-09-01 09:10:35
P0636,Essential Mouse 0636,Electronics,384.98,447,ACTIVE,1,2026-09-01 09:10:36
P0637,Premium Storage Box 0637,Clothing,365.25,140,ACTIVE,1,2026-09-01 09:10:37
P0638,Everyday Brush 0638,Toys,697.28,452,ACTIVE,1,2026-09-01 09:10:38
P0639,Eco Lamp 0639,Toys,690.2,493,ACTIVE,1,2026-09-01 09:10:39
P0640,Essential Charger 0640,Books,196.17,468,ACTIVE,1,2026-09-01 09:10:40
P0641,Compact Headphones 0641,Beauty,230.32,463,ACTIVE,1,2026-09-01 09:10:41
P0642,Essential Storage Box 0642,Beauty,27.53,401,ACTIVE,1,2026-09-01 09:10:42
P0643,Modern Clock 0643,Sports,773.6,371,ACTIVE,1,2026-09-01 09:10:43
P0644,Essential Bottle 0644,Beauty,651.68,279,ACTIVE,1,2026-09-01 09:10:44
P0645,Compact Storage Box 0645,Books,600.85,425,ACTIVE,1,2026-09-01 09:10:45
P0646,Premium Mug 0646,Books,227.89,282,ACTIVE,1,2026-09-01 09:10:46
P0647,Classic Lamp 0647,Toys,17.01,221,ACTIVE,1,2026-09-01 09:10:47
P0648,Eco Lamp 0648,Grocery,86.94,352,ACTIVE,1,2026-09-01 09:10:48
P0649,Modern Puzzle 0649,Toys,863.07,230,ACTIVE,1,2026-09-01 09:10:49
P0650,Classic Bottle 0650,Electronics,192.03,119,ACTIVE,1,2026-09-01 09:10:50
P0651,Everyday Brush 0651,Sports,562.71,401,ACTIVE,1,2026-09-01 09:10:51
P0652,Eco Speaker 0652,Sports,673.41,28,ACTIVE,1,2026-09-01 09:10:52
P0653,Smart Mug 0653,Clothing,45.33,119,ACTIVE,1,2026-09-01 09:10:53
P0654,Compact Backpack 0654,Beauty,493.12,305,ACTIVE,1,2026-09-01 09:10:54
P0655,Classic Lamp 0655,Grocery,528.47,315,ACTIVE,1,2026-09-01 09:10:55
P0656,Modern Bottle 0656,Clothing,175.01,222,ACTIVE,1,2026-09-01 09:10:56
P0657,Modern Backpack 0657,Clothing,195.21,484,ACTIVE,1,2026-09-01 09:10:57
P0658,Compact Mug 0658,Sports,897.08,395,ACTIVE,1,2026-09-01 09:10:58
P0659,Everyday Backpack 0659,Electronics,789.02,493,ACTIVE,1,2026-09-01 09:10:59
P0660,Eco Towel 0660,Grocery,410.17,51,ACTIVE,1,2026-09-01 09:11:00
P0661,Modern Jacket 0661,Books,302.56,198,ACTIVE,1,2026-09-01 09:11:01
P0662,Everyday Jacket 0662,Grocery,237.11,366,ACTIVE,1,2026-09-01 09:11:02
P0663,Premium Towel 0663,Grocery,849.16,203,ACTIVE,1,2026-09-01 09:11:03
P0664,Everyday Backpack 0664,Grocery,666.05,330,ACTIVE,1,2026-09-01 09:11:04
P0665,Compact Speaker 0665,Sports,175.75,316,ACTIVE,1,2026-09-01 09:11:05
P0666,Classic Charger 0666,Toys,547.55,210,ACTIVE,1,2026-09-01 09:11:06
P0667,Everyday Mouse 0667,Beauty,759.43,114,ACTIVE,1,2026-09-01 09:11:07
P0668,Everyday Storage Box 0668,Clothing,413.98,73,ACTIVE,1,2026-09-01 09:11:08
P0669,Smart Clock 0669,Home,373.65,162,ACTIVE,1,2026-09-01 09:11:09
P0670,Classic Speaker 0670,Books,82.52,27,ACTIVE,1,2026-09-01 09:11:10
P0671,Essential Speaker 0671,Beauty,867.85,76,ACTIVE,1,2026-09-01 09:11:11
P0672,Compact Mug 0672,Beauty,379.41,177,ACTIVE,1,2026-09-01 09:11:12
P0673,Eco Storage Box 0673,Grocery,311.69,21,ACTIVE,1,2026-09-01 09:11:13
P0674,Essential Keyboard 0674,Books,519.54,54,ACTIVE,1,2026-09-01 09:11:14
P0675,Smart Charger 0675,Toys,891.48,21,ACTIVE,1,2026-09-01 09:11:15
P0676,Essential Brush 0676,Electronics,477.12,72,ACTIVE,1,2026-09-01 09:11:16
P0677,Everyday Charger 0677,Home,677.21,308,ACTIVE,1,2026-09-01 09:11:17
P0678,Smart Jacket 0678,Home,554.04,204,ACTIVE,1,2026-09-01 09:11:18
P0679,Compact Backpack 0679,Home,277.37,337,ACTIVE,1,2026-09-01 09:11:19
P0680,Modern Speaker 0680,Clothing,595.12,392,ACTIVE,1,2026-09-01 09:11:20
P0681,Eco Speaker 0681,Electronics,599.84,267,ACTIVE,1,2026-09-01 09:11:21
P0682,Smart Mouse 0682,Toys,386.76,352,ACTIVE,1,2026-09-01 09:11:22
P0683,Modern Headphones 0683,Toys,124.21,149,ACTIVE,1,2026-09-01 09:11:23
P0684,Essential Mug 0684,Grocery,474.83,428,ACTIVE,1,2026-09-01 09:11:24
P0685,Smart Storage Box 0685,Toys,641.96,424,ACTIVE,1,2026-09-01 09:11:25
P0686,Essential Jacket 0686,Sports,540.18,285,ACTIVE,1,2026-09-01 09:11:26
P0687,Premium Towel 0687,Sports,549.14,119,ACTIVE,1,2026-09-01 09:11:27
P0688,Eco Mug 0688,Toys,716.42,279,ACTIVE,1,2026-09-01 09:11:28
P0689,Premium Notebook 0689,Clothing,70.64,226,ACTIVE,1,2026-09-01 09:11:29
P0690,Essential Charger 0690,Clothing,252.63,183,ACTIVE,1,2026-09-01 09:11:30
P0691,Modern Puzzle 0691,Grocery,328.2,290,ACTIVE,1,2026-09-01 09:11:31
P0692,Essential Jacket 0692,Books,419.76,433,ACTIVE,1,2026-09-01 09:11:32
P0693,Eco Backpack 0693,Beauty,642.19,107,ACTIVE,1,2026-09-01 09:11:33
P0694,Classic Towel 0694,Electronics,213.31,69,ACTIVE,1,2026-09-01 09:11:34
P0695,Smart Mug 0695,Sports,417.67,362,ACTIVE,1,2026-09-01 09:11:35
P0696,Premium Mug 0696,Grocery,739.01,100,ACTIVE,1,2026-09-01 09:11:36
P0697,Everyday Storage Box 0697,Sports,122.95,439,ACTIVE,1,2026-09-01 09:11:37
P0698,Classic Headphones 0698,Clothing,486.71,368,ACTIVE,1,2026-09-01 09:11:38
P0699,Everyday Clock 0699,Beauty,121.95,196,ACTIVE,1,2026-09-01 09:11:39
P0700,Premium Mouse 0700,Toys,460.68,181,ACTIVE,1,2026-09-01 09:11:40
P0701,Eco Headphones 0701,Home,687.97,49,ACTIVE,1,2026-09-01 09:11:41
P0702,Everyday Headphones 0702,Clothing,547.2,377,ACTIVE,1,2026-09-01 09:11:42
P0703,Essential Backpack 0703,Grocery,800.41,217,ACTIVE,1,2026-09-01 09:11:43
P0704,Eco Towel 0704,Clothing,128.65,225,ACTIVE,1,2026-09-01 09:11:44
P0705,Eco Keyboard 0705,Grocery,325.05,378,ACTIVE,1,2026-09-01 09:11:45
P0706,Everyday Mug 0706,Sports,719.35,421,ACTIVE,1,2026-09-01 09:11:46
P0707,Classic Clock 0707,Books,751.76,207,ACTIVE,1,2026-09-01 09:11:47
P0708,Eco Towel 0708,Home,542.08,175,ACTIVE,1,2026-09-01 09:11:48
P0709,Smart Puzzle 0709,Books,727.67,283,ACTIVE,1,2026-09-01 09:11:49
P0710,Modern Mouse 0710,Books,827.37,211,ACTIVE,1,2026-09-01 09:11:50
P0711,Premium Backpack 0711,Grocery,155.7,126,ACTIVE,1,2026-09-01 09:11:51
P0712,Modern Storage Box 0712,Toys,117.29,439,ACTIVE,1,2026-09-01 09:11:52
P0713,Modern Charger 0713,Electronics,431.1,464,ACTIVE,1,2026-09-01 09:11:53
P0714,Smart Charger 0714,Sports,204.64,441,ACTIVE,1,2026-09-01 09:11:54
P0715,Essential Keyboard 0715,Electronics,303.89,388,ACTIVE,1,2026-09-01 09:11:55
P0716,Classic Keyboard 0716,Electronics,362.76,24,ACTIVE,1,2026-09-01 09:11:56
P0717,Essential Lamp 0717,Home,769.69,331,ACTIVE,1,2026-09-01 09:11:57
P0718,Compact Speaker 0718,Electronics,479.4,483,ACTIVE,1,2026-09-01 09:11:58
P0719,Classic Mouse 0719,Beauty,800.33,427,ACTIVE,1,2026-09-01 09:11:59
P0720,Essential Notebook 0720,Books,424.02,393,ACTIVE,1,2026-09-01 09:12:00
P0721,Essential Towel 0721,Beauty,588.9,411,ACTIVE,1,2026-09-01 09:12:01
P0722,Essential Keyboard 0722,Clothing,121.5,135,ACTIVE,1,2026-09-01 09:12:02
P0723,Everyday Headphones 0723,Sports,553.45,101,ACTIVE,1,2026-09-01 09:12:03
P0724,Premium Puzzle 0724,Sports,234.99,494,ACTIVE,1,2026-09-01 09:12:04
P0725,Compact Jacket 0725,Sports,184.75,196,ACTIVE,1,2026-09-01 09:12:05
P0726,Compact Bottle 0726,Toys,514.96,200,ACTIVE,1,2026-09-01 09:12:06
P0727,Essential Mug 0727,Clothing,74.85,53,ACTIVE,1,2026-09-01 09:12:07
P0728,Premium Brush 0728,Toys,671.88,488,ACTIVE,1,2026-09-01 09:12:08
P0729,Everyday Towel 0729,Grocery,531.14,480,ACTIVE,1,2026-09-01 09:12:09
P0730,Essential Bottle 0730,Toys,748.5,363,ACTIVE,1,2026-09-01 09:12:10
P0731,Modern Notebook 0731,Grocery,739.37,429,ACTIVE,1,2026-09-01 09:12:11
P0732,Smart Speaker 0732,Clothing,207.67,235,ACTIVE,1,2026-09-01 09:12:12
P0733,Classic Charger 0733,Books,744.99,258,ACTIVE,1,2026-09-01 09:12:13
P0734,Essential Lamp 0734,Clothing,864.5,452,ACTIVE,1,2026-09-01 09:12:14
P0735,Everyday Notebook 0735,Home,671.0,207,ACTIVE,1,2026-09-01 09:12:15
P0736,Eco Lamp 0736,Toys,263.81,106,ACTIVE,1,2026-09-01 09:12:16
P0737,Eco Jacket 0737,Electronics,298.58,464,ACTIVE,1,2026-09-01 09:12:17
P0738,Classic Headphones 0738,Home,692.03,304,ACTIVE,1,2026-09-01 09:12:18
P0739,Essential Backpack 0739,Books,880.48,294,ACTIVE,1,2026-09-01 09:12:19
P0740,Classic Headphones 0740,Electronics,14.0,240,ACTIVE,1,2026-09-01 09:12:20
P0741,Modern Bottle 0741,Toys,342.37,438,ACTIVE,1,2026-09-01 09:12:21
P0742,Eco Keyboard 0742,Home,455.96,138,ACTIVE,1,2026-09-01 09:12:22
P0743,Premium Mug 0743,Books,440.88,33,ACTIVE,1,2026-09-01 09:12:23
P0744,Smart Notebook 0744,Sports,877.62,68,ACTIVE,1,2026-09-01 09:12:24
P0745,Everyday Storage Box 0745,Home,392.09,412,ACTIVE,1,2026-09-01 09:12:25
P0746,Eco Mug 0746,Electronics,494.49,479,ACTIVE,1,2026-09-01 09:12:26
P0747,Smart Clock 0747,Toys,653.3,493,ACTIVE,1,2026-09-01 09:12:27
P0748,Essential Charger 0748,Sports,447.23,148,ACTIVE,1,2026-09-01 09:12:28
P0749,Premium Clock 0749,Beauty,351.69,271,ACTIVE,1,2026-09-01 09:12:29
P0750,Everyday Lamp 0750,Electronics,886.23,152,ACTIVE,1,2026-09-01 09:12:30
P0751,Smart Clock 0751,Books,378.76,377,ACTIVE,1,2026-09-01 09:12:31
P0752,Smart Towel 0752,Electronics,117.1,262,ACTIVE,1,2026-09-01 09:12:32
P0753,Modern Keyboard 0753,Home,892.49,260,ACTIVE,1,2026-09-01 09:12:33
P0754,Eco Brush 0754,Toys,586.02,264,ACTIVE,1,2026-09-01 09:12:34
P0755,Compact Headphones 0755,Grocery,96.6,366,ACTIVE,1,2026-09-01 09:12:35
P0756,Smart Notebook 0756,Sports,586.73,257,ACTIVE,1,2026-09-01 09:12:36
P0757,Smart Mouse 0757,Clothing,406.05,454,ACTIVE,1,2026-09-01 09:12:37
P0758,Everyday Notebook 0758,Books,382.14,32,ACTIVE,1,2026-09-01 09:12:38
P0759,Premium Charger 0759,Home,602.89,237,ACTIVE,1,2026-09-01 09:12:39
P0760,Eco Keyboard 0760,Electronics,754.85,24,ACTIVE,1,2026-09-01 09:12:40
P0761,Everyday Notebook 0761,Grocery,352.62,108,ACTIVE,1,2026-09-01 09:12:41
P0762,Smart Puzzle 0762,Books,799.6,334,ACTIVE,1,2026-09-01 09:12:42
P0763,Classic Mouse 0763,Books,477.52,495,ACTIVE,1,2026-09-01 09:12:43
P0764,Modern Keyboard 0764,Beauty,737.72,298,ACTIVE,1,2026-09-01 09:12:44
P0765,Modern Notebook 0765,Electronics,890.33,161,ACTIVE,1,2026-09-01 09:12:45
P0766,Smart Bottle 0766,Clothing,674.75,364,ACTIVE,1,2026-09-01 09:12:46
P0767,Smart Charger 0767,Clothing,110.16,359,ACTIVE,1,2026-09-01 09:12:47
P0768,Everyday Headphones 0768,Beauty,348.96,52,ACTIVE,1,2026-09-01 09:12:48
P0769,Compact Speaker 0769,Sports,41.34,374,ACTIVE,1,2026-09-01 09:12:49
P0770,Essential Clock 0770,Home,37.42,256,ACTIVE,1,2026-09-01 09:12:50
P0771,Essential Mug 0771,Clothing,160.31,101,ACTIVE,1,2026-09-01 09:12:51
P0772,Everyday Backpack 0772,Grocery,59.17,267,ACTIVE,1,2026-09-01 09:12:52
P0773,Modern Puzzle 0773,Home,247.09,234,ACTIVE,1,2026-09-01 09:12:53
P0774,Eco Towel 0774,Beauty,869.98,271,ACTIVE,1,2026-09-01 09:12:54
P0775,Modern Speaker 0775,Grocery,33.31,75,ACTIVE,1,2026-09-01 09:12:55
P0776,Smart Towel 0776,Sports,71.56,73,ACTIVE,1,2026-09-01 09:12:56
P0777,Premium Jacket 0777,Electronics,527.45,310,ACTIVE,1,2026-09-01 09:12:57
P0778,Eco Notebook 0778,Clothing,353.83,219,ACTIVE,1,2026-09-01 09:12:58
P0779,Compact Backpack 0779,Sports,621.06,294,ACTIVE,1,2026-09-01 09:12:59
P0780,Classic Brush 0780,Clothing,772.46,493,ACTIVE,1,2026-09-01 09:13:00
P0781,Classic Jacket 0781,Toys,135.77,161,ACTIVE,1,2026-09-01 09:13:01
P0782,Modern Charger 0782,Grocery,619.95,33,ACTIVE,1,2026-09-01 09:13:02
P0783,Premium Mug 0783,Grocery,372.45,369,ACTIVE,1,2026-09-01 09:13:03
P0784,Premium Storage Box 0784,Books,465.7,245,ACTIVE,1,2026-09-01 09:13:04
P0785,Smart Charger 0785,Beauty,277.2,357,ACTIVE,1,2026-09-01 09:13:05
P0786,Compact Keyboard 0786,Beauty,299.16,466,ACTIVE,1,2026-09-01 09:13:06
P0787,Classic Charger 0787,Sports,837.45,437,ACTIVE,1,2026-09-01 09:13:07
P0788,Essential Puzzle 0788,Books,581.98,156,ACTIVE,1,2026-09-01 09:13:08
P0789,Premium Backpack 0789,Toys,3.62,211,ACTIVE,1,2026-09-01 09:13:09
P0790,Essential Mug 0790,Grocery,533.3,100,ACTIVE,1,2026-09-01 09:13:10
P0791,Eco Backpack 0791,Sports,431.15,38,ACTIVE,1,2026-09-01 09:13:11
P0792,Classic Brush 0792,Electronics,81.32,485,ACTIVE,1,2026-09-01 09:13:12
P0793,Smart Clock 0793,Grocery,12.1,240,ACTIVE,1,2026-09-01 09:13:13
P0794,Smart Brush 0794,Home,219.66,465,ACTIVE,1,2026-09-01 09:13:14
P0795,Modern Keyboard 0795,Toys,763.12,188,ACTIVE,1,2026-09-01 09:13:15
P0796,Smart Keyboard 0796,Grocery,112.47,366,ACTIVE,1,2026-09-01 09:13:16
P0797,Modern Charger 0797,Sports,445.76,142,ACTIVE,1,2026-09-01 09:13:17
P0798,Eco Brush 0798,Beauty,438.89,314,ACTIVE,1,2026-09-01 09:13:18
P0799,Essential Lamp 0799,Home,306.79,426,ACTIVE,1,2026-09-01 09:13:19
P0800,Everyday Puzzle 0800,Electronics,151.91,488,ACTIVE,1,2026-09-01 09:13:20
P0801,Smart Mouse 0801,Toys,407.46,99,ACTIVE,1,2026-09-01 09:13:21
P0802,Compact Storage Box 0802,Clothing,391.7,374,ACTIVE,1,2026-09-01 09:13:22
P0803,Premium Clock 0803,Books,702.1,284,ACTIVE,1,2026-09-01 09:13:23
P0804,Compact Headphones 0804,Beauty,209.66,422,ACTIVE,1,2026-09-01 09:13:24
P0805,Everyday Speaker 0805,Beauty,441.34,484,ACTIVE,1,2026-09-01 09:13:25
P0806,Smart Charger 0806,Grocery,706.14,454,ACTIVE,1,2026-09-01 09:13:26
P0807,Modern Charger 0807,Toys,144.0,99,ACTIVE,1,2026-09-01 09:13:27
P0808,Compact Notebook 0808,Sports,855.88,352,ACTIVE,1,2026-09-01 09:13:28
P0809,Modern Lamp 0809,Beauty,681.02,243,ACTIVE,1,2026-09-01 09:13:29
P0810,Smart Storage Box 0810,Electronics,322.46,469,ACTIVE,1,2026-09-01 09:13:30
P0811,Everyday Headphones 0811,Home,508.79,429,ACTIVE,1,2026-09-01 09:13:31
P0812,Premium Speaker 0812,Home,764.17,318,ACTIVE,1,2026-09-01 09:13:32
P0813,Everyday Keyboard 0813,Clothing,184.16,229,ACTIVE,1,2026-09-01 09:13:33
P0814,Modern Mug 0814,Toys,251.63,373,ACTIVE,1,2026-09-01 09:13:34
P0815,Compact Mug 0815,Sports,88.01,256,ACTIVE,1,2026-09-01 09:13:35
P0816,Essential Mug 0816,Clothing,471.69,145,ACTIVE,1,2026-09-01 09:13:36
P0817,Smart Puzzle 0817,Electronics,715.61,72,ACTIVE,1,2026-09-01 09:13:37
P0818,Eco Lamp 0818,Electronics,730.35,42,ACTIVE,1,2026-09-01 09:13:38
P0819,Eco Charger 0819,Beauty,878.18,365,ACTIVE,1,2026-09-01 09:13:39
P0820,Classic Storage Box 0820,Clothing,339.57,68,ACTIVE,1,2026-09-01 09:13:40
P0821,Modern Storage Box 0821,Beauty,381.75,307,ACTIVE,1,2026-09-01 09:13:41
P0822,Everyday Notebook 0822,Grocery,426.12,328,ACTIVE,1,2026-09-01 09:13:42
P0823,Smart Notebook 0823,Clothing,645.6,70,ACTIVE,1,2026-09-01 09:13:43
P0824,Smart Charger 0824,Books,296.97,28,ACTIVE,1,2026-09-01 09:13:44
P0825,Premium Mouse 0825,Beauty,292.07,374,ACTIVE,1,2026-09-01 09:13:45
P0826,Eco Lamp 0826,Books,639.56,206,ACTIVE,1,2026-09-01 09:13:46
P0827,Smart Mouse 0827,Beauty,273.45,274,ACTIVE,1,2026-09-01 09:13:47
P0828,Essential Headphones 0828,Toys,488.03,25,ACTIVE,1,2026-09-01 09:13:48
P0829,Everyday Mouse 0829,Home,677.24,387,ACTIVE,1,2026-09-01 09:13:49
P0830,Everyday Mug 0830,Books,491.61,478,ACTIVE,1,2026-09-01 09:13:50
P0831,Classic Bottle 0831,Clothing,62.51,266,ACTIVE,1,2026-09-01 09:13:51
P0832,Premium Storage Box 0832,Beauty,897.32,125,ACTIVE,1,2026-09-01 09:13:52
P0833,Modern Headphones 0833,Home,187.08,186,ACTIVE,1,2026-09-01 09:13:53
P0834,Premium Backpack 0834,Clothing,819.47,162,ACTIVE,1,2026-09-01 09:13:54
P0835,Smart Notebook 0835,Clothing,493.79,416,ACTIVE,1,2026-09-01 09:13:55
P0836,Modern Towel 0836,Electronics,318.28,388,ACTIVE,1,2026-09-01 09:13:56
P0837,Eco Speaker 0837,Beauty,196.46,258,ACTIVE,1,2026-09-01 09:13:57
P0838,Modern Backpack 0838,Grocery,529.85,347,ACTIVE,1,2026-09-01 09:13:58
P0839,Compact Bottle 0839,Electronics,224.57,214,ACTIVE,1,2026-09-01 09:13:59
P0840,Classic Towel 0840,Toys,257.06,193,ACTIVE,1,2026-09-01 09:14:00
P0841,Modern Puzzle 0841,Beauty,892.73,104,ACTIVE,1,2026-09-01 09:14:01
P0842,Smart Backpack 0842,Beauty,165.49,433,ACTIVE,1,2026-09-01 09:14:02
P0843,Premium Charger 0843,Clothing,185.37,57,ACTIVE,1,2026-09-01 09:14:03
P0844,Smart Charger 0844,Home,558.65,445,ACTIVE,1,2026-09-01 09:14:04
P0845,Smart Clock 0845,Sports,348.39,144,ACTIVE,1,2026-09-01 09:14:05
P0846,Modern Puzzle 0846,Toys,446.31,163,ACTIVE,1,2026-09-01 09:14:06
P0847,Modern Mug 0847,Home,146.76,256,ACTIVE,1,2026-09-01 09:14:07
P0848,Modern Notebook 0848,Electronics,288.23,453,ACTIVE,1,2026-09-01 09:14:08
P0849,Essential Brush 0849,Toys,238.76,236,ACTIVE,1,2026-09-01 09:14:09
P0850,Everyday Backpack 0850,Sports,598.13,107,ACTIVE,1,2026-09-01 09:14:10
P0851,Everyday Backpack 0851,Clothing,385.41,283,ACTIVE,1,2026-09-01 09:14:11
P0852,Essential Jacket 0852,Home,295.43,136,ACTIVE,1,2026-09-01 09:14:12
P0853,Compact Lamp 0853,Grocery,564.3,136,ACTIVE,1,2026-09-01 09:14:13
P0854,Compact Mouse 0854,Clothing,147.16,297,ACTIVE,1,2026-09-01 09:14:14
P0855,Essential Speaker 0855,Home,341.87,321,ACTIVE,1,2026-09-01 09:14:15
P0856,Premium Keyboard 0856,Books,438.96,67,ACTIVE,1,2026-09-01 09:14:16
P0857,Premium Charger 0857,Home,404.53,127,ACTIVE,1,2026-09-01 09:14:17
P0858,Eco Notebook 0858,Books,740.34,362,ACTIVE,1,2026-09-01 09:14:18
P0859,Essential Headphones 0859,Grocery,67.58,122,ACTIVE,1,2026-09-01 09:14:19
P0860,Compact Jacket 0860,Clothing,414.43,213,ACTIVE,1,2026-09-01 09:14:20
P0861,Essential Bottle 0861,Beauty,480.27,50,ACTIVE,1,2026-09-01 09:14:21
P0862,Classic Keyboard 0862,Home,56.14,98,ACTIVE,1,2026-09-01 09:14:22
P0863,Modern Storage Box 0863,Home,827.09,195,ACTIVE,1,2026-09-01 09:14:23
P0864,Smart Storage Box 0864,Home,644.34,95,ACTIVE,1,2026-09-01 09:14:24
P0865,Everyday Lamp 0865,Home,137.21,400,ACTIVE,1,2026-09-01 09:14:25
P0866,Premium Jacket 0866,Sports,174.27,357,ACTIVE,1,2026-09-01 09:14:26
P0867,Smart Lamp 0867,Sports,656.74,43,ACTIVE,1,2026-09-01 09:14:27
P0868,Modern Puzzle 0868,Electronics,496.53,499,ACTIVE,1,2026-09-01 09:14:28
P0869,Modern Brush 0869,Toys,108.84,498,ACTIVE,1,2026-09-01 09:14:29
P0870,Eco Puzzle 0870,Home,497.63,387,ACTIVE,1,2026-09-01 09:14:30
P0871,Classic Mug 0871,Home,127.66,494,ACTIVE,1,2026-09-01 09:14:31
P0872,Everyday Keyboard 0872,Electronics,563.2,135,ACTIVE,1,2026-09-01 09:14:32
P0873,Classic Bottle 0873,Clothing,260.32,139,ACTIVE,1,2026-09-01 09:14:33
P0874,Smart Charger 0874,Home,633.04,393,ACTIVE,1,2026-09-01 09:14:34
P0875,Smart Bottle 0875,Books,881.52,416,ACTIVE,1,2026-09-01 09:14:35
P0876,Compact Keyboard 0876,Books,795.94,495,ACTIVE,1,2026-09-01 09:14:36
P0877,Everyday Mouse 0877,Sports,670.13,371,ACTIVE,1,2026-09-01 09:14:37
P0878,Essential Lamp 0878,Electronics,509.62,173,ACTIVE,1,2026-09-01 09:14:38
P0879,Compact Lamp 0879,Sports,168.66,104,ACTIVE,1,2026-09-01 09:14:39
P0880,Essential Puzzle 0880,Electronics,539.73,109,ACTIVE,1,2026-09-01 09:14:40
P0881,Premium Speaker 0881,Books,811.81,352,ACTIVE,1,2026-09-01 09:14:41
P0882,Classic Headphones 0882,Grocery,208.95,474,ACTIVE,1,2026-09-01 09:14:42
P0883,Essential Storage Box 0883,Electronics,68.45,483,ACTIVE,1,2026-09-01 09:14:43
P0884,Smart Storage Box 0884,Beauty,264.61,87,ACTIVE,1,2026-09-01 09:14:44
P0885,Compact Notebook 0885,Books,267.63,485,ACTIVE,1,2026-09-01 09:14:45
P0886,Compact Backpack 0886,Home,508.16,52,ACTIVE,1,2026-09-01 09:14:46
P0887,Everyday Keyboard 0887,Clothing,474.19,469,ACTIVE,1,2026-09-01 09:14:47
P0888,Classic Headphones 0888,Beauty,419.55,25,ACTIVE,1,2026-09-01 09:14:48
P0889,Classic Lamp 0889,Sports,655.16,319,ACTIVE,1,2026-09-01 09:14:49
P0890,Premium Clock 0890,Electronics,315.61,258,ACTIVE,1,2026-09-01 09:14:50
P0891,Classic Mouse 0891,Electronics,136.74,151,ACTIVE,1,2026-09-01 09:14:51
P0892,Modern Charger 0892,Toys,511.67,188,ACTIVE,1,2026-09-01 09:14:52
P0893,Premium Keyboard 0893,Electronics,501.98,68,ACTIVE,1,2026-09-01 09:14:53
P0894,Eco Brush 0894,Books,866.47,490,ACTIVE,1,2026-09-01 09:14:54
P0895,Smart Puzzle 0895,Grocery,172.16,344,ACTIVE,1,2026-09-01 09:14:55
P0896,Compact Lamp 0896,Electronics,218.08,281,ACTIVE,1,2026-09-01 09:14:56
P0897,Smart Towel 0897,Home,216.53,34,ACTIVE,1,2026-09-01 09:14:57
P0898,Modern Storage Box 0898,Electronics,809.56,385,ACTIVE,1,2026-09-01 09:14:58
P0899,Classic Backpack 0899,Books,522.43,494,ACTIVE,1,2026-09-01 09:14:59
P0900,Essential Speaker 0900,Beauty,676.94,494,ACTIVE,1,2026-09-01 09:15:00
P0901,Classic Clock 0901,Home,540.72,317,ACTIVE,1,2026-09-01 09:15:01
P0902,Classic Speaker 0902,Grocery,15.6,183,ACTIVE,1,2026-09-01 09:15:02
P0903,Modern Backpack 0903,Sports,430.1,424,ACTIVE,1,2026-09-01 09:15:03
P0904,Everyday Headphones 0904,Toys,710.27,474,ACTIVE,1,2026-09-01 09:15:04
P0905,Eco Charger 0905,Books,75.56,419,ACTIVE,1,2026-09-01 09:15:05
P0906,Premium Puzzle 0906,Beauty,301.86,234,ACTIVE,1,2026-09-01 09:15:06
P0907,Eco Brush 0907,Beauty,274.8,23,ACTIVE,1,2026-09-01 09:15:07
P0908,Essential Charger 0908,Toys,645.09,277,ACTIVE,1,2026-09-01 09:15:08
P0909,Modern Puzzle 0909,Books,802.43,247,ACTIVE,1,2026-09-01 09:15:09
P0910,Everyday Brush 0910,Electronics,164.89,85,ACTIVE,1,2026-09-01 09:15:10
P0911,Modern Headphones 0911,Home,710.7,137,ACTIVE,1,2026-09-01 09:15:11
P0912,Compact Keyboard 0912,Grocery,731.64,479,ACTIVE,1,2026-09-01 09:15:12
P0913,Compact Towel 0913,Clothing,35.94,172,ACTIVE,1,2026-09-01 09:15:13
P0914,Smart Notebook 0914,Toys,565.52,121,ACTIVE,1,2026-09-01 09:15:14
P0915,Eco Charger 0915,Books,417.4,314,ACTIVE,1,2026-09-01 09:15:15
P0916,Classic Bottle 0916,Electronics,66.0,45,ACTIVE,1,2026-09-01 09:15:16
P0917,Compact Brush 0917,Sports,45.89,354,ACTIVE,1,2026-09-01 09:15:17
P0918,Everyday Puzzle 0918,Toys,759.08,459,ACTIVE,1,2026-09-01 09:15:18
P0919,Modern Puzzle 0919,Books,888.7,435,ACTIVE,1,2026-09-01 09:15:19
P0920,Modern Keyboard 0920,Toys,134.72,467,ACTIVE,1,2026-09-01 09:15:20
P0921,Compact Towel 0921,Toys,25.45,367,ACTIVE,1,2026-09-01 09:15:21
P0922,Smart Clock 0922,Grocery,796.44,496,ACTIVE,1,2026-09-01 09:15:22
P0923,Compact Storage Box 0923,Sports,484.44,48,ACTIVE,1,2026-09-01 09:15:23
P0924,Compact Mug 0924,Grocery,723.67,181,ACTIVE,1,2026-09-01 09:15:24
P0925,Everyday Notebook 0925,Clothing,186.64,412,ACTIVE,1,2026-09-01 09:15:25
P0926,Compact Brush 0926,Sports,378.0,412,ACTIVE,1,2026-09-01 09:15:26
P0927,Smart Puzzle 0927,Home,193.09,145,ACTIVE,1,2026-09-01 09:15:27
P0928,Eco Headphones 0928,Electronics,443.0,456,ACTIVE,1,2026-09-01 09:15:28
P0929,Premium Headphones 0929,Clothing,833.72,349,ACTIVE,1,2026-09-01 09:15:29
P0930,Everyday Notebook 0930,Toys,650.79,350,ACTIVE,1,2026-09-01 09:15:30
P0931,Everyday Puzzle 0931,Beauty,717.56,137,ACTIVE,1,2026-09-01 09:15:31
P0932,Essential Speaker 0932,Books,391.93,69,ACTIVE,1,2026-09-01 09:15:32
P0933,Premium Keyboard 0933,Clothing,555.86,99,ACTIVE,1,2026-09-01 09:15:33
P0934,Premium Puzzle 0934,Clothing,650.03,471,ACTIVE,1,2026-09-01 09:15:34
P0935,Eco Mouse 0935,Electronics,694.26,414,ACTIVE,1,2026-09-01 09:15:35
P0936,Everyday Brush 0936,Toys,159.32,419,ACTIVE,1,2026-09-01 09:15:36
P0937,Compact Towel 0937,Books,879.49,50,ACTIVE,1,2026-09-01 09:15:37
P0938,Premium Brush 0938,Grocery,329.67,20,ACTIVE,1,2026-09-01 09:15:38
P0939,Essential Clock 0939,Home,814.92,279,ACTIVE,1,2026-09-01 09:15:39
P0940,Modern Bottle 0940,Electronics,603.86,393,ACTIVE,1,2026-09-01 09:15:40
P0941,Everyday Bottle 0941,Toys,102.02,234,ACTIVE,1,2026-09-01 09:15:41
P0942,Classic Lamp 0942,Home,675.74,159,ACTIVE,1,2026-09-01 09:15:42
P0943,Classic Headphones 0943,Home,129.49,241,ACTIVE,1,2026-09-01 09:15:43
P0944,Compact Headphones 0944,Home,383.03,355,ACTIVE,1,2026-09-01 09:15:44
P0945,Essential Headphones 0945,Home,229.74,145,ACTIVE,1,2026-09-01 09:15:45
P0946,Eco Clock 0946,Electronics,525.77,287,ACTIVE,1,2026-09-01 09:15:46
P0947,Eco Brush 0947,Beauty,294.91,302,ACTIVE,1,2026-09-01 09:15:47
P0948,Essential Bottle 0948,Electronics,650.51,472,ACTIVE,1,2026-09-01 09:15:48
P0949,Eco Clock 0949,Electronics,588.59,377,ACTIVE,1,2026-09-01 09:15:49
P0950,Modern Puzzle 0950,Toys,835.08,294,ACTIVE,1,2026-09-01 09:15:50
P0951,Compact Charger 0951,Beauty,867.03,140,ACTIVE,1,2026-09-01 09:15:51
P0952,Premium Jacket 0952,Electronics,251.51,323,ACTIVE,1,2026-09-01 09:15:52
P0953,Modern Speaker 0953,Books,26.42,210,ACTIVE,1,2026-09-01 09:15:53
P0954,Eco Charger 0954,Electronics,452.69,362,ACTIVE,1,2026-09-01 09:15:54
P0955,Classic Puzzle 0955,Beauty,431.89,124,ACTIVE,1,2026-09-01 09:15:55
P0956,Smart Speaker 0956,Home,553.58,443,ACTIVE,1,2026-09-01 09:15:56
P0957,Premium Backpack 0957,Electronics,757.88,236,ACTIVE,1,2026-09-01 09:15:57
P0958,Smart Lamp 0958,Grocery,255.04,415,ACTIVE,1,2026-09-01 09:15:58
P0959,Compact Headphones 0959,Toys,365.01,372,ACTIVE,1,2026-09-01 09:15:59
P0960,Compact Storage Box 0960,Electronics,360.52,173,ACTIVE,1,2026-09-01 09:16:00
P0961,Essential Mouse 0961,Home,336.56,297,ACTIVE,1,2026-09-01 09:16:01
P0962,Smart Towel 0962,Home,184.16,120,ACTIVE,1,2026-09-01 09:16:02
P0963,Modern Mug 0963,Home,378.93,174,ACTIVE,1,2026-09-01 09:16:03
P0964,Eco Lamp 0964,Home,535.65,303,ACTIVE,1,2026-09-01 09:16:04
P0965,Eco Backpack 0965,Grocery,624.36,393,ACTIVE,1,2026-09-01 09:16:05
P0966,Premium Backpack 0966,Grocery,472.18,264,ACTIVE,1,2026-09-01 09:16:06
P0967,Compact Lamp 0967,Electronics,797.1,457,ACTIVE,1,2026-09-01 09:16:07
P0968,Everyday Speaker 0968,Home,98.28,272,ACTIVE,1,2026-09-01 09:16:08
P0969,Classic Charger 0969,Clothing,271.51,490,ACTIVE,1,2026-09-01 09:16:09
P0970,Compact Backpack 0970,Electronics,432.57,340,ACTIVE,1,2026-09-01 09:16:10
P0971,Classic Storage Box 0971,Clothing,469.59,332,ACTIVE,1,2026-09-01 09:16:11
P0972,Modern Backpack 0972,Sports,285.17,342,ACTIVE,1,2026-09-01 09:16:12
P0973,Essential Keyboard 0973,Books,823.23,114,ACTIVE,1,2026-09-01 09:16:13
P0974,Compact Headphones 0974,Electronics,556.94,453,ACTIVE,1,2026-09-01 09:16:14
P0975,Modern Bottle 0975,Sports,294.58,189,ACTIVE,1,2026-09-01 09:16:15
P0976,Modern Storage Box 0976,Electronics,666.33,409,ACTIVE,1,2026-09-01 09:16:16
P0977,Everyday Headphones 0977,Beauty,179.3,182,ACTIVE,1,2026-09-01 09:16:17
P0978,Modern Towel 0978,Clothing,508.16,35,ACTIVE,1,2026-09-01 09:16:18
P0979,Compact Towel 0979,Sports,708.62,129,ACTIVE,1,2026-09-01 09:16:19
P0980,Smart Brush 0980,Sports,321.73,476,ACTIVE,1,2026-09-01 09:16:20
P0981,Compact Headphones 0981,Books,186.37,89,ACTIVE,1,2026-09-01 09:16:21
P0982,Premium Storage Box 0982,Beauty,832.9,77,ACTIVE,1,2026-09-01 09:16:22
P0983,Everyday Brush 0983,Electronics,92.49,122,ACTIVE,1,2026-09-01 09:16:23
P0984,Smart Headphones 0984,Toys,830.02,64,ACTIVE,1,2026-09-01 09:16:24
P0985,Classic Charger 0985,Home,179.19,418,ACTIVE,1,2026-09-01 09:16:25
P0986,Smart Clock 0986,Toys,457.87,171,ACTIVE,1,2026-09-01 09:16:26
P0987,Premium Clock 0987,Electronics,338.46,71,ACTIVE,1,2026-09-01 09:16:27
P0988,Modern Keyboard 0988,Grocery,635.2,391,ACTIVE,1,2026-09-01 09:16:28
P0989,Eco Charger 0989,Home,766.99,465,ACTIVE,1,2026-09-01 09:16:29
P0990,Premium Headphones 0990,Toys,796.31,334,ACTIVE,1,2026-09-01 09:16:30
P0991,Compact Backpack 0991,Books,575.93,363,ACTIVE,1,2026-09-01 09:16:31
P0992,Smart Mouse 0992,Toys,117.28,157,ACTIVE,1,2026-09-01 09:16:32
P0993,Everyday Keyboard 0993,Clothing,566.96,154,ACTIVE,1,2026-09-01 09:16:33
P0994,Modern Clock 0994,Toys,688.58,188,ACTIVE,1,2026-09-01 09:16:34
P0995,Everyday Storage Box 0995,Home,99.97,431,ACTIVE,1,2026-09-01 09:16:35
P0996,Classic Backpack 0996,Sports,148.93,398,ACTIVE,1,2026-09-01 09:16:36
P0997,Classic Jacket 0997,Sports,858.19,375,ACTIVE,1,2026-09-01 09:16:37
P0998,Compact Bottle 0998,Toys,437.38,459,ACTIVE,1,2026-09-01 09:16:38
P0999,Compact Speaker 0999,Clothing,404.52,73,ACTIVE,1,2026-09-01 09:16:39
P1000,Classic Clock 1000,Sports,838.82,493,ACTIVE,1,2026-09-01 09:16:40
