trial_id,model,scenario,client,operation,key,version_written,version_observed,read_cl,write_cl,target_node,success,violation,latency_ms,timestamp,error
926e18c2-d80f-436d-ab6d-2abc9a192a7b:ONE:ONE:1,RYW,node_failure,A,WRITE,a8ee2fbd-6c9d-4be1-add1-cc2f3813d97f,1,,ONE,ONE,node1,True,,11.124,2026-09-16T19:59:33.170129+08:00,
926e18c2-d80f-436d-ab6d-2abc9a192a7b:ONE:ONE:1,RYW,node_failure,A,READ,a8ee2fbd-6c9d-4be1-add1-cc2f3813d97f,1,1,ONE,ONE,node2,True,False,8.951,2026-09-16T19:59:33.181567+08:00,
926e18c2-d80f-436d-ab6d-2abc9a192a7b:ONE:ONE:2,RYW,node_failure,A,WRITE,48ffc1c0-2713-4b9b-b6e7-6c3b9c08b1e7,1,,ONE,ONE,node1,True,,14.609,2026-09-16T19:59:33.190610+08:00,
926e18c2-d80f-436d-ab6d-2abc9a192a7b:ONE:ONE:2,RYW,node_failure,A,READ,48ffc1c0-2713-4b9b-b6e7-6c3b9c08b1e7,1,1,ONE,ONE,node2,True,False,15.173,2026-09-16T19:59:33.205549+08:00,
926e18c2-d80f-436d-ab6d-2abc9a192a7b:ONE:ONE:3,RYW,node_failure,A,WRITE,8d6fda6f-a589-41fb-98d9-13b84b81c80e,1,,ONE,ONE,node1,True,,14.665,2026-09-16T19:59:33.220737+08:00,
926e18c2-d80f-436d-ab6d-2abc9a192a7b:ONE:ONE:3,RYW,node_failure,A,READ,8d6fda6f-a589-41fb-98d9-13b84b81c80e,1,1,ONE,ONE,node2,True,False,16.411,2026-09-16T19:59:33.235243+08:00,
926e18c2-d80f-436d-ab6d-2abc9a192a7b:ONE:ONE:4,RYW,node_failure,A,WRITE,7b2a53b0-c4bd-468d-9fc3-2069327bc05f,1,,ONE,ONE,node1,True,,14.999,2026-09-16T19:59:33.251968+08:00,
926e18c2-d80f-436d-ab6d-2abc9a192a7b:ONE:ONE:4,RYW,node_failure,A,READ,7b2a53b0-c4bd-468d-9fc3-2069327bc05f,1,1,ONE,ONE,node2,True,False,175.586,2026-09-16T19:59:33.267197+08:00,
926e18c2-d80f-436d-ab6d-2abc9a192a7b:ONE:ONE:5,RYW,node_failure,A,WRITE,7cd10ec1-694b-4e6b-a0db-2609bc636869,1,,ONE,ONE,node1,True,,11.153,2026-09-16T19:59:33.442492+08:00,
926e18c2-d80f-436d-ab6d-2abc9a192a7b:ONE:ONE:5,RYW,node_failure,A,READ,7cd10ec1-694b-4e6b-a0db-2609bc636869,1,1,ONE,ONE,node2,True,False,15.272,2026-09-16T19:59:33.453634+08:00,
926e18c2-d80f-436d-ab6d-2abc9a192a7b:ONE:ONE:6,RYW,node_failure,A,WRITE,46f50293-198f-4e5c-9c98-5d1166204eb8,1,,ONE,ONE,node1,True,,16.176,2026-09-16T19:59:33.469311+08:00,
926e18c2-d80f-436d-ab6d-2abc9a192a7b:ONE:ONE:6,RYW,node_failure,A,READ,46f50293-198f-4e5c-9c98-5d1166204eb8,1,1,ONE,ONE,node2,True,False,54.915,2026-09-16T19:59:33.485181+08:00,
926e18c2-d80f-436d-ab6d-2abc9a192a7b:ONE:ONE:7,RYW,node_failure,A,WRITE,a5be77b8-be6d-4287-989a-cca59c330eb2,1,,ONE,ONE,node1,True,,59.231,2026-09-16T19:59:33.540340+08:00,
926e18c2-d80f-436d-ab6d-2abc9a192a7b:ONE:ONE:7,RYW,node_failure,A,READ,a5be77b8-be6d-4287-989a-cca59c330eb2,1,1,ONE,ONE,node2,True,False,9.969,2026-09-16T19:59:33.600124+08:00,
926e18c2-d80f-436d-ab6d-2abc9a192a7b:ONE:ONE:8,RYW,node_failure,A,WRITE,7a6a98e1-69df-47e6-803e-422f14b7f3c5,1,,ONE,ONE,node1,True,,28.52,2026-09-16T19:59:33.610075+08:00,
926e18c2-d80f-436d-ab6d-2abc9a192a7b:ONE:ONE:8,RYW,node_failure,A,READ,7a6a98e1-69df-47e6-803e-422f14b7f3c5,1,1,ONE,ONE,node2,True,False,17.499,2026-09-16T19:59:33.638305+08:00,
926e18c2-d80f-436d-ab6d-2abc9a192a7b:ONE:ONE:9,RYW,node_failure,A,WRITE,faaaea30-ece0-49af-8e7b-1d7b2a2c1966,1,,ONE,ONE,node1,True,,14.905,2026-09-16T19:59:33.656321+08:00,
926e18c2-d80f-436d-ab6d-2abc9a192a7b:ONE:ONE:9,RYW,node_failure,A,READ,faaaea30-ece0-49af-8e7b-1d7b2a2c1966,1,1,ONE,ONE,node2,True,False,15.624,2026-09-16T19:59:33.670665+08:00,
926e18c2-d80f-436d-ab6d-2abc9a192a7b:ONE:ONE:10,RYW,node_failure,A,WRITE,34695113-f1aa-4c02-8d6f-2ae70fea6e27,1,,ONE,ONE,node1,True,,15.447,2026-09-16T19:59:33.686976+08:00,
926e18c2-d80f-436d-ab6d-2abc9a192a7b:ONE:ONE:10,RYW,node_failure,A,READ,34695113-f1aa-4c02-8d6f-2ae70fea6e27,1,1,ONE,ONE,node2,True,False,16.522,2026-09-16T19:59:33.702489+08:00,
926e18c2-d80f-436d-ab6d-2abc9a192a7b:ONE:QUORUM:1,RYW,node_failure,A,WRITE,7eb5783b-0592-4f06-b2a4-b8274f72b56c,1,,QUORUM,ONE,node1,True,,11.495,2026-09-16T19:59:33.721667+08:00,
926e18c2-d80f-436d-ab6d-2abc9a192a7b:ONE:QUORUM:1,RYW,node_failure,A,READ,7eb5783b-0592-4f06-b2a4-b8274f72b56c,1,1,QUORUM,ONE,node2,True,False,15.742,2026-09-16T19:59:33.732817+08:00,
926e18c2-d80f-436d-ab6d-2abc9a192a7b:ONE:QUORUM:2,RYW,node_failure,A,WRITE,eca4922c-537e-4c80-84f7-f47d4e0e87cc,1,,QUORUM,ONE,node1,True,,14.987,2026-09-16T19:59:33.749208+08:00,
926e18c2-d80f-436d-ab6d-2abc9a192a7b:ONE:QUORUM:2,RYW,node_failure,A,READ,eca4922c-537e-4c80-84f7-f47d4e0e87cc,1,1,QUORUM,ONE,node2,True,False,15.848,2026-09-16T19:59:33.763912+08:00,
926e18c2-d80f-436d-ab6d-2abc9a192a7b:ONE:QUORUM:3,RYW,node_failure,A,WRITE,86b1d2b0-513a-4649-bc17-aaa3d1691f2a,1,,QUORUM,ONE,node1,True,,14.517,2026-09-16T19:59:33.780186+08:00,
926e18c2-d80f-436d-ab6d-2abc9a192a7b:ONE:QUORUM:3,RYW,node_failure,A,READ,86b1d2b0-513a-4649-bc17-aaa3d1691f2a,1,1,QUORUM,ONE,node2,True,False,15.873,2026-09-16T19:59:33.794559+08:00,
926e18c2-d80f-436d-ab6d-2abc9a192a7b:ONE:QUORUM:4,RYW,node_failure,A,WRITE,4002cf3d-d719-4d02-9ffc-1e89a0f08595,1,,QUORUM,ONE,node1,True,,14.292,2026-09-16T19:59:33.810055+08:00,
926e18c2-d80f-436d-ab6d-2abc9a192a7b:ONE:QUORUM:4,RYW,node_failure,A,READ,4002cf3d-d719-4d02-9ffc-1e89a0f08595,1,1,QUORUM,ONE,node2,True,False,16.915,2026-09-16T19:59:33.824838+08:00,
926e18c2-d80f-436d-ab6d-2abc9a192a7b:ONE:QUORUM:5,RYW,node_failure,A,WRITE,092323a8-1a95-407c-a4ce-1003d6e18ae0,1,,QUORUM,ONE,node1,True,,13.459,2026-09-16T19:59:33.842120+08:00,
926e18c2-d80f-436d-ab6d-2abc9a192a7b:ONE:QUORUM:5,RYW,node_failure,A,READ,092323a8-1a95-407c-a4ce-1003d6e18ae0,1,1,QUORUM,ONE,node2,True,False,16.708,2026-09-16T19:59:33.855326+08:00,
926e18c2-d80f-436d-ab6d-2abc9a192a7b:ONE:QUORUM:6,RYW,node_failure,A,WRITE,a58604f4-bb0e-4da1-ad80-d76ed752e554,1,,QUORUM,ONE,node1,True,,14.508,2026-09-16T19:59:33.872433+08:00,
926e18c2-d80f-436d-ab6d-2abc9a192a7b:ONE:QUORUM:6,RYW,node_failure,A,READ,a58604f4-bb0e-4da1-ad80-d76ed752e554,1,1,QUORUM,ONE,node2,True,False,16.838,2026-09-16T19:59:33.886711+08:00,
926e18c2-d80f-436d-ab6d-2abc9a192a7b:ONE:QUORUM:7,RYW,node_failure,A,WRITE,4dab326e-83a0-4e99-bca6-a12522ab91ca,1,,QUORUM,ONE,node1,True,,14.802,2026-09-16T19:59:33.903914+08:00,
926e18c2-d80f-436d-ab6d-2abc9a192a7b:ONE:QUORUM:7,RYW,node_failure,A,READ,4dab326e-83a0-4e99-bca6-a12522ab91ca,1,1,QUORUM,ONE,node2,True,False,16.382,2026-09-16T19:59:33.918830+08:00,
926e18c2-d80f-436d-ab6d-2abc9a192a7b:ONE:QUORUM:8,RYW,node_failure,A,WRITE,f422fd7b-dab5-4348-9332-7d01c3652b5c,1,,QUORUM,ONE,node1,True,,12.881,2026-09-16T19:59:33.935183+08:00,
926e18c2-d80f-436d-ab6d-2abc9a192a7b:ONE:QUORUM:8,RYW,node_failure,A,READ,f422fd7b-dab5-4348-9332-7d01c3652b5c,1,1,QUORUM,ONE,node2,True,False,17.042,2026-09-16T19:59:33.947790+08:00,
926e18c2-d80f-436d-ab6d-2abc9a192a7b:ONE:QUORUM:9,RYW,node_failure,A,WRITE,31414bf4-b433-4712-b976-87cd86b8f6b5,1,,QUORUM,ONE,node1,True,,14.465,2026-09-16T19:59:33.965325+08:00,
926e18c2-d80f-436d-ab6d-2abc9a192a7b:ONE:QUORUM:9,RYW,node_failure,A,READ,31414bf4-b433-4712-b976-87cd86b8f6b5,1,1,QUORUM,ONE,node2,True,False,17.22,2026-09-16T19:59:33.979559+08:00,
926e18c2-d80f-436d-ab6d-2abc9a192a7b:ONE:QUORUM:10,RYW,node_failure,A,WRITE,df9593a1-4220-42f3-a9cd-f5c5376aeb68,1,,QUORUM,ONE,node1,True,,13.39,2026-09-16T19:59:33.997102+08:00,
926e18c2-d80f-436d-ab6d-2abc9a192a7b:ONE:QUORUM:10,RYW,node_failure,A,READ,df9593a1-4220-42f3-a9cd-f5c5376aeb68,1,1,QUORUM,ONE,node2,True,False,16.299,2026-09-16T19:59:34.010345+08:00,
926e18c2-d80f-436d-ab6d-2abc9a192a7b:QUORUM:ONE:1,RYW,node_failure,A,WRITE,e1d86888-7b0f-46fc-a8c9-533ef925d066,1,,ONE,QUORUM,node1,True,,13.621,2026-09-16T19:59:34.027894+08:00,
926e18c2-d80f-436d-ab6d-2abc9a192a7b:QUORUM:ONE:1,RYW,node_failure,A,READ,e1d86888-7b0f-46fc-a8c9-533ef925d066,1,1,ONE,QUORUM,node2,True,False,15.204,2026-09-16T19:59:34.041487+08:00,
926e18c2-d80f-436d-ab6d-2abc9a192a7b:QUORUM:ONE:2,RYW,node_failure,A,WRITE,b11df5a4-f700-4af0-a2a9-dd0994753e84,1,,ONE,QUORUM,node1,True,,15.945,2026-09-16T19:59:34.057208+08:00,
926e18c2-d80f-436d-ab6d-2abc9a192a7b:QUORUM:ONE:2,RYW,node_failure,A,READ,b11df5a4-f700-4af0-a2a9-dd0994753e84,1,1,ONE,QUORUM,node2,True,False,15.794,2026-09-16T19:59:34.072756+08:00,
926e18c2-d80f-436d-ab6d-2abc9a192a7b:QUORUM:ONE:3,RYW,node_failure,A,WRITE,204762d0-8810-485e-bbb4-8104183c989c,1,,ONE,QUORUM,node1,True,,14.937,2026-09-16T19:59:34.089189+08:00,
926e18c2-d80f-436d-ab6d-2abc9a192a7b:QUORUM:ONE:3,RYW,node_failure,A,READ,204762d0-8810-485e-bbb4-8104183c989c,1,1,ONE,QUORUM,node2,True,False,15.175,2026-09-16T19:59:34.103821+08:00,
926e18c2-d80f-436d-ab6d-2abc9a192a7b:QUORUM:ONE:4,RYW,node_failure,A,WRITE,65cdbb6b-523d-4501-b613-e0eb42565e84,1,,ONE,QUORUM,node1,True,,16.093,2026-09-16T19:59:34.119105+08:00,
926e18c2-d80f-436d-ab6d-2abc9a192a7b:QUORUM:ONE:4,RYW,node_failure,A,READ,65cdbb6b-523d-4501-b613-e0eb42565e84,1,1,ONE,QUORUM,node2,True,False,16.081,2026-09-16T19:59:34.135211+08:00,
926e18c2-d80f-436d-ab6d-2abc9a192a7b:QUORUM:ONE:5,RYW,node_failure,A,WRITE,414ae2c6-f8f9-4782-baa0-cb2d7726f134,1,,ONE,QUORUM,node1,True,,15.155,2026-09-16T19:59:34.151656+08:00,
926e18c2-d80f-436d-ab6d-2abc9a192a7b:QUORUM:ONE:5,RYW,node_failure,A,READ,414ae2c6-f8f9-4782-baa0-cb2d7726f134,1,1,ONE,QUORUM,node2,True,False,14.56,2026-09-16T19:59:34.166619+08:00,
926e18c2-d80f-436d-ab6d-2abc9a192a7b:QUORUM:ONE:6,RYW,node_failure,A,WRITE,ae85e743-af7e-43de-b12a-b9f38d77b173,1,,ONE,QUORUM,node1,True,,15.826,2026-09-16T19:59:34.181408+08:00,
926e18c2-d80f-436d-ab6d-2abc9a192a7b:QUORUM:ONE:6,RYW,node_failure,A,READ,ae85e743-af7e-43de-b12a-b9f38d77b173,1,1,ONE,QUORUM,node2,True,False,16.081,2026-09-16T19:59:34.197242+08:00,
926e18c2-d80f-436d-ab6d-2abc9a192a7b:QUORUM:ONE:7,RYW,node_failure,A,WRITE,bc9d625d-19b3-4fed-a066-d854dafcadde,1,,ONE,QUORUM,node1,True,,15.007,2026-09-16T19:59:34.213544+08:00,
926e18c2-d80f-436d-ab6d-2abc9a192a7b:QUORUM:ONE:7,RYW,node_failure,A,READ,bc9d625d-19b3-4fed-a066-d854dafcadde,1,1,ONE,QUORUM,node2,True,False,15.788,2026-09-16T19:59:34.228194+08:00,
926e18c2-d80f-436d-ab6d-2abc9a192a7b:QUORUM:ONE:8,RYW,node_failure,A,WRITE,29a3e539-91b5-4a27-a213-6046832a8d65,1,,ONE,QUORUM,node1,True,,15.56,2026-09-16T19:59:34.244642+08:00,
926e18c2-d80f-436d-ab6d-2abc9a192a7b:QUORUM:ONE:8,RYW,node_failure,A,READ,29a3e539-91b5-4a27-a213-6046832a8d65,1,1,ONE,QUORUM,node2,True,False,15.429,2026-09-16T19:59:34.259966+08:00,
926e18c2-d80f-436d-ab6d-2abc9a192a7b:QUORUM:ONE:9,RYW,node_failure,A,WRITE,ffd37ccb-fed6-4e4f-a5ba-f7c7723afdae,1,,ONE,QUORUM,node1,True,,15.097,2026-09-16T19:59:34.275782+08:00,
926e18c2-d80f-436d-ab6d-2abc9a192a7b:QUORUM:ONE:9,RYW,node_failure,A,READ,ffd37ccb-fed6-4e4f-a5ba-f7c7723afdae,1,1,ONE,QUORUM,node2,True,False,14.882,2026-09-16T19:59:34.290346+08:00,
926e18c2-d80f-436d-ab6d-2abc9a192a7b:QUORUM:ONE:10,RYW,node_failure,A,WRITE,7e1cc99d-bdd5-453e-80f3-21e9d021a48a,1,,ONE,QUORUM,node1,True,,15.538,2026-09-16T19:59:34.305897+08:00,
926e18c2-d80f-436d-ab6d-2abc9a192a7b:QUORUM:ONE:10,RYW,node_failure,A,READ,7e1cc99d-bdd5-453e-80f3-21e9d021a48a,1,1,ONE,QUORUM,node2,True,False,15.544,2026-09-16T19:59:34.320990+08:00,
926e18c2-d80f-436d-ab6d-2abc9a192a7b:QUORUM:QUORUM:1,RYW,node_failure,A,WRITE,7f2fb752-25fe-473d-93cd-9d8ef9ad039e,1,,QUORUM,QUORUM,node1,True,,12.71,2026-09-16T19:59:34.339061+08:00,
926e18c2-d80f-436d-ab6d-2abc9a192a7b:QUORUM:QUORUM:1,RYW,node_failure,A,READ,7f2fb752-25fe-473d-93cd-9d8ef9ad039e,1,1,QUORUM,QUORUM,node2,True,False,15.915,2026-09-16T19:59:34.351574+08:00,
926e18c2-d80f-436d-ab6d-2abc9a192a7b:QUORUM:QUORUM:2,RYW,node_failure,A,WRITE,3ee62951-afbe-430b-9a2d-08bb8b854394,1,,QUORUM,QUORUM,node1,True,,15.701,2026-09-16T19:59:34.368013+08:00,
926e18c2-d80f-436d-ab6d-2abc9a192a7b:QUORUM:QUORUM:2,RYW,node_failure,A,READ,3ee62951-afbe-430b-9a2d-08bb8b854394,1,1,QUORUM,QUORUM,node2,True,False,16.284,2026-09-16T19:59:34.383546+08:00,
926e18c2-d80f-436d-ab6d-2abc9a192a7b:QUORUM:QUORUM:3,RYW,node_failure,A,WRITE,402055c2-2d3c-4c65-9466-109e94e66384,1,,QUORUM,QUORUM,node1,True,,15.569,2026-09-16T19:59:34.400182+08:00,
926e18c2-d80f-436d-ab6d-2abc9a192a7b:QUORUM:QUORUM:3,RYW,node_failure,A,READ,402055c2-2d3c-4c65-9466-109e94e66384,1,1,QUORUM,QUORUM,node2,True,False,15.894,2026-09-16T19:59:34.415459+08:00,
926e18c2-d80f-436d-ab6d-2abc9a192a7b:QUORUM:QUORUM:4,RYW,node_failure,A,WRITE,e31c2880-4764-4bad-8e19-3b53442c0bee,1,,QUORUM,QUORUM,node1,True,,15.993,2026-09-16T19:59:34.431702+08:00,
926e18c2-d80f-436d-ab6d-2abc9a192a7b:QUORUM:QUORUM:4,RYW,node_failure,A,READ,e31c2880-4764-4bad-8e19-3b53442c0bee,1,1,QUORUM,QUORUM,node2,True,False,15.434,2026-09-16T19:59:34.447463+08:00,
926e18c2-d80f-436d-ab6d-2abc9a192a7b:QUORUM:QUORUM:5,RYW,node_failure,A,WRITE,6f354369-adf2-4356-8465-2c1769a98b71,1,,QUORUM,QUORUM,node1,True,,14.422,2026-09-16T19:59:34.463246+08:00,
926e18c2-d80f-436d-ab6d-2abc9a192a7b:QUORUM:QUORUM:5,RYW,node_failure,A,READ,6f354369-adf2-4356-8465-2c1769a98b71,1,1,QUORUM,QUORUM,node2,True,False,16.354,2026-09-16T19:59:34.477579+08:00,
926e18c2-d80f-436d-ab6d-2abc9a192a7b:QUORUM:QUORUM:6,RYW,node_failure,A,WRITE,99dbd956-06ec-451a-ac1e-908961e119e9,1,,QUORUM,QUORUM,node1,True,,25.27,2026-09-16T19:59:34.494053+08:00,
926e18c2-d80f-436d-ab6d-2abc9a192a7b:QUORUM:QUORUM:6,RYW,node_failure,A,READ,99dbd956-06ec-451a-ac1e-908961e119e9,1,1,QUORUM,QUORUM,node2,True,False,7.58,2026-09-16T19:59:34.518758+08:00,
926e18c2-d80f-436d-ab6d-2abc9a192a7b:QUORUM:QUORUM:7,RYW,node_failure,A,WRITE,9a4a384f-17f9-404b-9a5e-6c67ca317f04,1,,QUORUM,QUORUM,node1,True,,13.928,2026-09-16T19:59:34.527558+08:00,
926e18c2-d80f-436d-ab6d-2abc9a192a7b:QUORUM:QUORUM:7,RYW,node_failure,A,READ,9a4a384f-17f9-404b-9a5e-6c67ca317f04,1,1,QUORUM,QUORUM,node2,True,False,15.139,2026-09-16T19:59:34.541206+08:00,
926e18c2-d80f-436d-ab6d-2abc9a192a7b:QUORUM:QUORUM:8,RYW,node_failure,A,WRITE,fbb3608c-966e-4fbf-b667-7a064e84ac6e,1,,QUORUM,QUORUM,node1,True,,15.51,2026-09-16T19:59:34.556673+08:00,
926e18c2-d80f-436d-ab6d-2abc9a192a7b:QUORUM:QUORUM:8,RYW,node_failure,A,READ,fbb3608c-966e-4fbf-b667-7a064e84ac6e,1,1,QUORUM,QUORUM,node2,True,False,16.209,2026-09-16T19:59:34.572014+08:00,
926e18c2-d80f-436d-ab6d-2abc9a192a7b:QUORUM:QUORUM:9,RYW,node_failure,A,WRITE,625a5c05-6431-4d80-8671-6e5a3642352b,1,,QUORUM,QUORUM,node1,True,,13.194,2026-09-16T19:59:34.588118+08:00,
926e18c2-d80f-436d-ab6d-2abc9a192a7b:QUORUM:QUORUM:9,RYW,node_failure,A,READ,625a5c05-6431-4d80-8671-6e5a3642352b,1,1,QUORUM,QUORUM,node2,True,False,15.426,2026-09-16T19:59:34.601710+08:00,
926e18c2-d80f-436d-ab6d-2abc9a192a7b:QUORUM:QUORUM:10,RYW,node_failure,A,WRITE,1fff46fa-ee81-4906-b3d6-97466bd3b775,1,,QUORUM,QUORUM,node1,True,,15.49,2026-09-16T19:59:34.617355+08:00,
926e18c2-d80f-436d-ab6d-2abc9a192a7b:QUORUM:QUORUM:10,RYW,node_failure,A,READ,1fff46fa-ee81-4906-b3d6-97466bd3b775,1,1,QUORUM,QUORUM,node2,True,False,16.298,2026-09-16T19:59:34.633208+08:00,
926e18c2-d80f-436d-ab6d-2abc9a192a7b:ALL:ONE:1,RYW,node_failure,A,WRITE,75c95aad-f880-424e-aa2f-35889d464d00,1,,ONE,ALL,node1,False,,14.299,2026-09-16T19:59:34.651964+08:00,"Unavailable: Error from server: code=1000 [Unavailable exception] message=""Cannot achieve consistency level ALL"" info={'consistency': 'ALL', 'required_replicas': 3, 'alive_replicas': 2}"
926e18c2-d80f-436d-ab6d-2abc9a192a7b:ALL:ONE:2,RYW,node_failure,A,WRITE,aca210ba-134c-40ed-920d-2cc1b1adf360,1,,ONE,ALL,node1,False,,12.042,2026-09-16T19:59:34.666133+08:00,"Unavailable: Error from server: code=1000 [Unavailable exception] message=""Cannot achieve consistency level ALL"" info={'consistency': 'ALL', 'required_replicas': 3, 'alive_replicas': 2}"
926e18c2-d80f-436d-ab6d-2abc9a192a7b:ALL:ONE:3,RYW,node_failure,A,WRITE,aaf9149a-5844-43c6-ae64-cd0a6c307986,1,,ONE,ALL,node1,False,,15.479,2026-09-16T19:59:34.678730+08:00,"Unavailable: Error from server: code=1000 [Unavailable exception] message=""Cannot achieve consistency level ALL"" info={'consistency': 'ALL', 'required_replicas': 3, 'alive_replicas': 2}"
926e18c2-d80f-436d-ab6d-2abc9a192a7b:ALL:ONE:4,RYW,node_failure,A,WRITE,761b466e-dea1-48ae-859f-085da1514f3d,1,,ONE,ALL,node1,False,,15.745,2026-09-16T19:59:34.693666+08:00,"Unavailable: Error from server: code=1000 [Unavailable exception] message=""Cannot achieve consistency level ALL"" info={'consistency': 'ALL', 'required_replicas': 3, 'alive_replicas': 2}"
926e18c2-d80f-436d-ab6d-2abc9a192a7b:ALL:ONE:5,RYW,node_failure,A,WRITE,c83df3e9-7930-4028-87b9-d24776b9d576,1,,ONE,ALL,node1,False,,15.214,2026-09-16T19:59:34.710172+08:00,"Unavailable: Error from server: code=1000 [Unavailable exception] message=""Cannot achieve consistency level ALL"" info={'consistency': 'ALL', 'required_replicas': 3, 'alive_replicas': 2}"
926e18c2-d80f-436d-ab6d-2abc9a192a7b:ALL:ONE:6,RYW,node_failure,A,WRITE,1faadeaf-77be-4274-8e3c-5b07ba43e56a,1,,ONE,ALL,node1,False,,15.349,2026-09-16T19:59:34.725053+08:00,"Unavailable: Error from server: code=1000 [Unavailable exception] message=""Cannot achieve consistency level ALL"" info={'consistency': 'ALL', 'required_replicas': 3, 'alive_replicas': 2}"
926e18c2-d80f-436d-ab6d-2abc9a192a7b:ALL:ONE:7,RYW,node_failure,A,WRITE,0f9c576c-063b-4533-86a6-dde6528319b3,1,,ONE,ALL,node1,False,,15.711,2026-09-16T19:59:34.740523+08:00,"Unavailable: Error from server: code=1000 [Unavailable exception] message=""Cannot achieve consistency level ALL"" info={'consistency': 'ALL', 'required_replicas': 3, 'alive_replicas': 2}"
926e18c2-d80f-436d-ab6d-2abc9a192a7b:ALL:ONE:8,RYW,node_failure,A,WRITE,028097be-7492-4a4e-8902-dbeea0b1acbb,1,,ONE,ALL,node1,False,,14.864,2026-09-16T19:59:34.756348+08:00,"Unavailable: Error from server: code=1000 [Unavailable exception] message=""Cannot achieve consistency level ALL"" info={'consistency': 'ALL', 'required_replicas': 3, 'alive_replicas': 2}"
926e18c2-d80f-436d-ab6d-2abc9a192a7b:ALL:ONE:9,RYW,node_failure,A,WRITE,21cf6a8a-992b-4eec-9d6f-78f5e922e70f,1,,ONE,ALL,node1,False,,15.037,2026-09-16T19:59:34.771286+08:00,"Unavailable: Error from server: code=1000 [Unavailable exception] message=""Cannot achieve consistency level ALL"" info={'consistency': 'ALL', 'required_replicas': 3, 'alive_replicas': 2}"
926e18c2-d80f-436d-ab6d-2abc9a192a7b:ALL:ONE:10,RYW,node_failure,A,WRITE,e11a934a-c032-4748-b21f-234a61f9e3b6,1,,ONE,ALL,node1,False,,15.463,2026-09-16T19:59:34.786430+08:00,"Unavailable: Error from server: code=1000 [Unavailable exception] message=""Cannot achieve consistency level ALL"" info={'consistency': 'ALL', 'required_replicas': 3, 'alive_replicas': 2}"
926e18c2-d80f-436d-ab6d-2abc9a192a7b:ONE:ALL:1,RYW,node_failure,A,WRITE,544b5b7e-e4dc-4220-bdc3-dbe70ed39ea7,1,,ALL,ONE,node1,True,,12.516,2026-09-16T19:59:34.805695+08:00,
926e18c2-d80f-436d-ab6d-2abc9a192a7b:ONE:ALL:1,RYW,node_failure,A,READ,544b5b7e-e4dc-4220-bdc3-dbe70ed39ea7,1,,ALL,ONE,node2,False,,21.321,2026-09-16T19:59:34.817878+08:00,"Unavailable: Error from server: code=1000 [Unavailable exception] message=""Cannot achieve consistency level ALL"" info={'consistency': 'ALL', 'required_replicas': 3, 'alive_replicas': 2}"
926e18c2-d80f-436d-ab6d-2abc9a192a7b:ONE:ALL:2,RYW,node_failure,A,WRITE,2b915519-44ca-4f57-98ba-ec958fc033cf,1,,ALL,ONE,node1,True,,10.009,2026-09-16T19:59:34.839671+08:00,
926e18c2-d80f-436d-ab6d-2abc9a192a7b:ONE:ALL:2,RYW,node_failure,A,READ,2b915519-44ca-4f57-98ba-ec958fc033cf,1,,ALL,ONE,node2,False,,15.885,2026-09-16T19:59:34.849304+08:00,"Unavailable: Error from server: code=1000 [Unavailable exception] message=""Cannot achieve consistency level ALL"" info={'consistency': 'ALL', 'required_replicas': 3, 'alive_replicas': 2}"
926e18c2-d80f-436d-ab6d-2abc9a192a7b:ONE:ALL:3,RYW,node_failure,A,WRITE,b8333f93-608c-4ca4-8cac-37f3626ab39c,1,,ALL,ONE,node1,True,,15.017,2026-09-16T19:59:34.865265+08:00,
926e18c2-d80f-436d-ab6d-2abc9a192a7b:ONE:ALL:3,RYW,node_failure,A,READ,b8333f93-608c-4ca4-8cac-37f3626ab39c,1,,ALL,ONE,node2,False,,16.144,2026-09-16T19:59:34.880460+08:00,"Unavailable: Error from server: code=1000 [Unavailable exception] message=""Cannot achieve consistency level ALL"" info={'consistency': 'ALL', 'required_replicas': 3, 'alive_replicas': 2}"
926e18c2-d80f-436d-ab6d-2abc9a192a7b:ONE:ALL:4,RYW,node_failure,A,WRITE,c3c30a56-0b61-43db-b44f-b2d6403f5140,1,,ALL,ONE,node1,True,,14.626,2026-09-16T19:59:34.897090+08:00,
926e18c2-d80f-436d-ab6d-2abc9a192a7b:ONE:ALL:4,RYW,node_failure,A,READ,c3c30a56-0b61-43db-b44f-b2d6403f5140,1,,ALL,ONE,node2,False,,15.711,2026-09-16T19:59:34.911783+08:00,"Unavailable: Error from server: code=1000 [Unavailable exception] message=""Cannot achieve consistency level ALL"" info={'consistency': 'ALL', 'required_replicas': 3, 'alive_replicas': 2}"
926e18c2-d80f-436d-ab6d-2abc9a192a7b:ONE:ALL:5,RYW,node_failure,A,WRITE,8ea12a17-9a94-4cd1-8302-27c45205dfd4,1,,ALL,ONE,node1,True,,14.79,2026-09-16T19:59:34.927132+08:00,
926e18c2-d80f-436d-ab6d-2abc9a192a7b:ONE:ALL:5,RYW,node_failure,A,READ,8ea12a17-9a94-4cd1-8302-27c45205dfd4,1,,ALL,ONE,node2,False,,15.526,2026-09-16T19:59:34.942130+08:00,"Unavailable: Error from server: code=1000 [Unavailable exception] message=""Cannot achieve consistency level ALL"" info={'consistency': 'ALL', 'required_replicas': 3, 'alive_replicas': 2}"
926e18c2-d80f-436d-ab6d-2abc9a192a7b:ONE:ALL:6,RYW,node_failure,A,WRITE,e130d5a5-ab4a-4c7f-aa88-812d2ceb5cc4,1,,ALL,ONE,node1,True,,15.77,2026-09-16T19:59:34.957558+08:00,
926e18c2-d80f-436d-ab6d-2abc9a192a7b:ONE:ALL:6,RYW,node_failure,A,READ,e130d5a5-ab4a-4c7f-aa88-812d2ceb5cc4,1,,ALL,ONE,node2,False,,14.923,2026-09-16T19:59:34.973450+08:00,"Unavailable: Error from server: code=1000 [Unavailable exception] message=""Cannot achieve consistency level ALL"" info={'consistency': 'ALL', 'required_replicas': 3, 'alive_replicas': 2}"
926e18c2-d80f-436d-ab6d-2abc9a192a7b:ONE:ALL:7,RYW,node_failure,A,WRITE,95fb0e00-67a4-45d6-ae74-5fe309ed8948,1,,ALL,ONE,node1,True,,15.681,2026-09-16T19:59:34.988944+08:00,
926e18c2-d80f-436d-ab6d-2abc9a192a7b:ONE:ALL:7,RYW,node_failure,A,READ,95fb0e00-67a4-45d6-ae74-5fe309ed8948,1,,ALL,ONE,node2,False,,14.779,2026-09-16T19:59:35.004495+08:00,"Unavailable: Error from server: code=1000 [Unavailable exception] message=""Cannot achieve consistency level ALL"" info={'consistency': 'ALL', 'required_replicas': 3, 'alive_replicas': 2}"
926e18c2-d80f-436d-ab6d-2abc9a192a7b:ONE:ALL:8,RYW,node_failure,A,WRITE,0e1ec08a-7246-4bc5-9c6c-c16d3155d8a9,1,,ALL,ONE,node1,True,,16.168,2026-09-16T19:59:35.019645+08:00,
926e18c2-d80f-436d-ab6d-2abc9a192a7b:ONE:ALL:8,RYW,node_failure,A,READ,0e1ec08a-7246-4bc5-9c6c-c16d3155d8a9,1,,ALL,ONE,node2,False,,15.151,2026-09-16T19:59:35.035832+08:00,"Unavailable: Error from server: code=1000 [Unavailable exception] message=""Cannot achieve consistency level ALL"" info={'consistency': 'ALL', 'required_replicas': 3, 'alive_replicas': 2}"
926e18c2-d80f-436d-ab6d-2abc9a192a7b:ONE:ALL:9,RYW,node_failure,A,WRITE,da32c689-c8f0-47e3-a7f5-1b17b9ff867a,1,,ALL,ONE,node1,True,,15.439,2026-09-16T19:59:35.051147+08:00,
926e18c2-d80f-436d-ab6d-2abc9a192a7b:ONE:ALL:9,RYW,node_failure,A,READ,da32c689-c8f0-47e3-a7f5-1b17b9ff867a,1,,ALL,ONE,node2,False,,15.678,2026-09-16T19:59:35.066472+08:00,"Unavailable: Error from server: code=1000 [Unavailable exception] message=""Cannot achieve consistency level ALL"" info={'consistency': 'ALL', 'required_replicas': 3, 'alive_replicas': 2}"
926e18c2-d80f-436d-ab6d-2abc9a192a7b:ONE:ALL:10,RYW,node_failure,A,WRITE,94fe4180-e9e3-4759-bbaa-dc4efb864905,1,,ALL,ONE,node1,True,,14.795,2026-09-16T19:59:35.082561+08:00,
926e18c2-d80f-436d-ab6d-2abc9a192a7b:ONE:ALL:10,RYW,node_failure,A,READ,94fe4180-e9e3-4759-bbaa-dc4efb864905,1,,ALL,ONE,node2,False,,14.769,2026-09-16T19:59:35.097468+08:00,"Unavailable: Error from server: code=1000 [Unavailable exception] message=""Cannot achieve consistency level ALL"" info={'consistency': 'ALL', 'required_replicas': 3, 'alive_replicas': 2}"
