trial_id,model,scenario,client,operation,key,version_written,version_observed,read_cl,write_cl,target_node,success,violation,latency_ms,timestamp,error
411400cd-cfdb-41a3-8591-e1eb7b8b65ba:ONE:ONE:1,MW,normal,A,WRITE,adcdbfb0-92a4-46b3-9a7d-120f6f6cb97b,1,,,ONE,node1,True,,2.429,2026-09-25T12:55:05.389060+08:00,
411400cd-cfdb-41a3-8591-e1eb7b8b65ba:ONE:ONE:1,MW,normal,A,WRITE,adcdbfb0-92a4-46b3-9a7d-120f6f6cb97b,2,,,ONE,node2,True,,8.02,2026-09-25T12:55:05.391567+08:00,
411400cd-cfdb-41a3-8591-e1eb7b8b65ba:ONE:ONE:1,MW,normal,A,READ,adcdbfb0-92a4-46b3-9a7d-120f6f6cb97b,,2,ONE,,node1,True,False,17.641,2026-09-25T12:55:05.399619+08:00,
411400cd-cfdb-41a3-8591-e1eb7b8b65ba:ONE:ONE:1,MW,normal,A,READ,adcdbfb0-92a4-46b3-9a7d-120f6f6cb97b,,2,ONE,,node2,True,False,9.449,2026-09-25T12:55:05.417334+08:00,
411400cd-cfdb-41a3-8591-e1eb7b8b65ba:ONE:ONE:1,MW,normal,A,READ,adcdbfb0-92a4-46b3-9a7d-120f6f6cb97b,,2,ONE,,node3,True,False,6.236,2026-09-25T12:55:05.426874+08:00,
411400cd-cfdb-41a3-8591-e1eb7b8b65ba:ONE:ONE:2,MW,normal,A,WRITE,0cfb55a7-95bb-4fc2-9f20-95389f827fb9,1,,,ONE,node1,True,,1.995,2026-09-25T12:55:05.433144+08:00,
411400cd-cfdb-41a3-8591-e1eb7b8b65ba:ONE:ONE:2,MW,normal,A,WRITE,0cfb55a7-95bb-4fc2-9f20-95389f827fb9,2,,,ONE,node2,True,,2.942,2026-09-25T12:55:05.435162+08:00,
411400cd-cfdb-41a3-8591-e1eb7b8b65ba:ONE:ONE:2,MW,normal,A,READ,0cfb55a7-95bb-4fc2-9f20-95389f827fb9,,2,ONE,,node1,True,False,3.809,2026-09-25T12:55:05.438127+08:00,
411400cd-cfdb-41a3-8591-e1eb7b8b65ba:ONE:ONE:2,MW,normal,A,READ,0cfb55a7-95bb-4fc2-9f20-95389f827fb9,,2,ONE,,node2,True,False,4.046,2026-09-25T12:55:05.441956+08:00,
411400cd-cfdb-41a3-8591-e1eb7b8b65ba:ONE:ONE:2,MW,normal,A,READ,0cfb55a7-95bb-4fc2-9f20-95389f827fb9,,2,ONE,,node3,True,False,4.064,2026-09-25T12:55:05.446023+08:00,
411400cd-cfdb-41a3-8591-e1eb7b8b65ba:ONE:ONE:3,MW,normal,A,WRITE,643928b6-ee6a-49d3-abf8-28ee2ad9c8bc,1,,,ONE,node1,True,,1.958,2026-09-25T12:55:05.450111+08:00,
411400cd-cfdb-41a3-8591-e1eb7b8b65ba:ONE:ONE:3,MW,normal,A,WRITE,643928b6-ee6a-49d3-abf8-28ee2ad9c8bc,2,,,ONE,node2,True,,2.168,2026-09-25T12:55:05.452087+08:00,
411400cd-cfdb-41a3-8591-e1eb7b8b65ba:ONE:ONE:3,MW,normal,A,READ,643928b6-ee6a-49d3-abf8-28ee2ad9c8bc,,2,ONE,,node1,True,False,4.03,2026-09-25T12:55:05.454275+08:00,
411400cd-cfdb-41a3-8591-e1eb7b8b65ba:ONE:ONE:3,MW,normal,A,READ,643928b6-ee6a-49d3-abf8-28ee2ad9c8bc,,2,ONE,,node2,True,False,3.588,2026-09-25T12:55:05.458327+08:00,
411400cd-cfdb-41a3-8591-e1eb7b8b65ba:ONE:ONE:3,MW,normal,A,READ,643928b6-ee6a-49d3-abf8-28ee2ad9c8bc,,2,ONE,,node3,True,False,3.495,2026-09-25T12:55:05.461933+08:00,
411400cd-cfdb-41a3-8591-e1eb7b8b65ba:ONE:ONE:4,MW,normal,A,WRITE,27d03405-36b5-4a8e-9dbf-e8ecbca59d49,1,,,ONE,node1,True,,2.022,2026-09-25T12:55:05.465451+08:00,
411400cd-cfdb-41a3-8591-e1eb7b8b65ba:ONE:ONE:4,MW,normal,A,WRITE,27d03405-36b5-4a8e-9dbf-e8ecbca59d49,2,,,ONE,node2,True,,1.583,2026-09-25T12:55:05.467494+08:00,
411400cd-cfdb-41a3-8591-e1eb7b8b65ba:ONE:ONE:4,MW,normal,A,READ,27d03405-36b5-4a8e-9dbf-e8ecbca59d49,,2,ONE,,node1,True,False,3.906,2026-09-25T12:55:05.469108+08:00,
411400cd-cfdb-41a3-8591-e1eb7b8b65ba:ONE:ONE:4,MW,normal,A,READ,27d03405-36b5-4a8e-9dbf-e8ecbca59d49,,2,ONE,,node2,True,False,4.108,2026-09-25T12:55:05.473049+08:00,
411400cd-cfdb-41a3-8591-e1eb7b8b65ba:ONE:ONE:4,MW,normal,A,READ,27d03405-36b5-4a8e-9dbf-e8ecbca59d49,,2,ONE,,node3,True,False,3.201,2026-09-25T12:55:05.477193+08:00,
411400cd-cfdb-41a3-8591-e1eb7b8b65ba:ONE:ONE:5,MW,normal,A,WRITE,f6fb3924-0d9d-4f64-a701-d8159a0fbc45,1,,,ONE,node1,True,,3.263,2026-09-25T12:55:05.480430+08:00,
411400cd-cfdb-41a3-8591-e1eb7b8b65ba:ONE:ONE:5,MW,normal,A,WRITE,f6fb3924-0d9d-4f64-a701-d8159a0fbc45,2,,,ONE,node2,True,,2.802,2026-09-25T12:55:05.483716+08:00,
411400cd-cfdb-41a3-8591-e1eb7b8b65ba:ONE:ONE:5,MW,normal,A,READ,f6fb3924-0d9d-4f64-a701-d8159a0fbc45,,2,ONE,,node1,True,False,3.63,2026-09-25T12:55:05.486560+08:00,
411400cd-cfdb-41a3-8591-e1eb7b8b65ba:ONE:ONE:5,MW,normal,A,READ,f6fb3924-0d9d-4f64-a701-d8159a0fbc45,,2,ONE,,node2,True,False,4.245,2026-09-25T12:55:05.490215+08:00,
411400cd-cfdb-41a3-8591-e1eb7b8b65ba:ONE:ONE:5,MW,normal,A,READ,f6fb3924-0d9d-4f64-a701-d8159a0fbc45,,2,ONE,,node3,True,False,4.492,2026-09-25T12:55:05.494493+08:00,
411400cd-cfdb-41a3-8591-e1eb7b8b65ba:ONE:ONE:6,MW,normal,A,WRITE,866fdd67-630c-4d83-853d-8df017955451,1,,,ONE,node1,True,,2.336,2026-09-25T12:55:05.499032+08:00,
411400cd-cfdb-41a3-8591-e1eb7b8b65ba:ONE:ONE:6,MW,normal,A,WRITE,866fdd67-630c-4d83-853d-8df017955451,2,,,ONE,node2,True,,2.921,2026-09-25T12:55:05.501401+08:00,
411400cd-cfdb-41a3-8591-e1eb7b8b65ba:ONE:ONE:6,MW,normal,A,READ,866fdd67-630c-4d83-853d-8df017955451,,2,ONE,,node1,True,False,3.709,2026-09-25T12:55:05.504362+08:00,
411400cd-cfdb-41a3-8591-e1eb7b8b65ba:ONE:ONE:6,MW,normal,A,READ,866fdd67-630c-4d83-853d-8df017955451,,2,ONE,,node2,True,False,5.035,2026-09-25T12:55:05.508102+08:00,
411400cd-cfdb-41a3-8591-e1eb7b8b65ba:ONE:ONE:6,MW,normal,A,READ,866fdd67-630c-4d83-853d-8df017955451,,2,ONE,,node3,True,False,3.2,2026-09-25T12:55:05.513164+08:00,
411400cd-cfdb-41a3-8591-e1eb7b8b65ba:ONE:ONE:7,MW,normal,A,WRITE,2edc9c53-01e5-493c-ad21-b96c314733be,1,,,ONE,node1,True,,1.607,2026-09-25T12:55:05.516402+08:00,
411400cd-cfdb-41a3-8591-e1eb7b8b65ba:ONE:ONE:7,MW,normal,A,WRITE,2edc9c53-01e5-493c-ad21-b96c314733be,2,,,ONE,node2,True,,2.024,2026-09-25T12:55:05.518031+08:00,
411400cd-cfdb-41a3-8591-e1eb7b8b65ba:ONE:ONE:7,MW,normal,A,READ,2edc9c53-01e5-493c-ad21-b96c314733be,,2,ONE,,node1,True,False,4.035,2026-09-25T12:55:05.520076+08:00,
411400cd-cfdb-41a3-8591-e1eb7b8b65ba:ONE:ONE:7,MW,normal,A,READ,2edc9c53-01e5-493c-ad21-b96c314733be,,2,ONE,,node2,True,False,3.825,2026-09-25T12:55:05.524135+08:00,
411400cd-cfdb-41a3-8591-e1eb7b8b65ba:ONE:ONE:7,MW,normal,A,READ,2edc9c53-01e5-493c-ad21-b96c314733be,,2,ONE,,node3,True,False,3.305,2026-09-25T12:55:05.527982+08:00,
411400cd-cfdb-41a3-8591-e1eb7b8b65ba:ONE:ONE:8,MW,normal,A,WRITE,63a1b7d5-32b7-4684-9e9e-f33a86ef6227,1,,,ONE,node1,True,,1.643,2026-09-25T12:55:05.531317+08:00,
411400cd-cfdb-41a3-8591-e1eb7b8b65ba:ONE:ONE:8,MW,normal,A,WRITE,63a1b7d5-32b7-4684-9e9e-f33a86ef6227,2,,,ONE,node2,True,,2.268,2026-09-25T12:55:05.532980+08:00,
411400cd-cfdb-41a3-8591-e1eb7b8b65ba:ONE:ONE:8,MW,normal,A,READ,63a1b7d5-32b7-4684-9e9e-f33a86ef6227,,2,ONE,,node1,True,False,3.771,2026-09-25T12:55:05.535267+08:00,
411400cd-cfdb-41a3-8591-e1eb7b8b65ba:ONE:ONE:8,MW,normal,A,READ,63a1b7d5-32b7-4684-9e9e-f33a86ef6227,,2,ONE,,node2,True,False,3.94,2026-09-25T12:55:05.539058+08:00,
411400cd-cfdb-41a3-8591-e1eb7b8b65ba:ONE:ONE:8,MW,normal,A,READ,63a1b7d5-32b7-4684-9e9e-f33a86ef6227,,2,ONE,,node3,True,False,3.192,2026-09-25T12:55:05.543013+08:00,
411400cd-cfdb-41a3-8591-e1eb7b8b65ba:ONE:ONE:9,MW,normal,A,WRITE,13e51149-9dea-4264-9d7b-02ccc2afdf95,1,,,ONE,node1,True,,2.075,2026-09-25T12:55:05.546229+08:00,
411400cd-cfdb-41a3-8591-e1eb7b8b65ba:ONE:ONE:9,MW,normal,A,WRITE,13e51149-9dea-4264-9d7b-02ccc2afdf95,2,,,ONE,node2,True,,1.865,2026-09-25T12:55:05.548322+08:00,
411400cd-cfdb-41a3-8591-e1eb7b8b65ba:ONE:ONE:9,MW,normal,A,READ,13e51149-9dea-4264-9d7b-02ccc2afdf95,,2,ONE,,node1,True,False,5.035,2026-09-25T12:55:05.550210+08:00,
411400cd-cfdb-41a3-8591-e1eb7b8b65ba:ONE:ONE:9,MW,normal,A,READ,13e51149-9dea-4264-9d7b-02ccc2afdf95,,2,ONE,,node2,True,False,3.843,2026-09-25T12:55:05.555275+08:00,
411400cd-cfdb-41a3-8591-e1eb7b8b65ba:ONE:ONE:9,MW,normal,A,READ,13e51149-9dea-4264-9d7b-02ccc2afdf95,,2,ONE,,node3,True,False,2.811,2026-09-25T12:55:05.559146+08:00,
411400cd-cfdb-41a3-8591-e1eb7b8b65ba:ONE:ONE:10,MW,normal,A,WRITE,efc1f8e2-2729-49b9-936a-b3e218616700,1,,,ONE,node1,True,,2.074,2026-09-25T12:55:05.561997+08:00,
411400cd-cfdb-41a3-8591-e1eb7b8b65ba:ONE:ONE:10,MW,normal,A,WRITE,efc1f8e2-2729-49b9-936a-b3e218616700,2,,,ONE,node2,True,,1.756,2026-09-25T12:55:05.564085+08:00,
411400cd-cfdb-41a3-8591-e1eb7b8b65ba:ONE:ONE:10,MW,normal,A,READ,efc1f8e2-2729-49b9-936a-b3e218616700,,2,ONE,,node1,True,False,2.867,2026-09-25T12:55:05.565853+08:00,
411400cd-cfdb-41a3-8591-e1eb7b8b65ba:ONE:ONE:10,MW,normal,A,READ,efc1f8e2-2729-49b9-936a-b3e218616700,,2,ONE,,node2,True,False,3.066,2026-09-25T12:55:05.568730+08:00,
411400cd-cfdb-41a3-8591-e1eb7b8b65ba:ONE:ONE:10,MW,normal,A,READ,efc1f8e2-2729-49b9-936a-b3e218616700,,2,ONE,,node3,True,False,2.912,2026-09-25T12:55:05.571806+08:00,
411400cd-cfdb-41a3-8591-e1eb7b8b65ba:ONE:QUORUM:1,MW,normal,A,WRITE,014d817a-6fe6-4b27-b2bb-72960b4b187e,1,,,ONE,node1,True,,2.05,2026-09-25T12:55:05.575924+08:00,
411400cd-cfdb-41a3-8591-e1eb7b8b65ba:ONE:QUORUM:1,MW,normal,A,WRITE,014d817a-6fe6-4b27-b2bb-72960b4b187e,2,,,QUORUM,node2,True,,3.718,2026-09-25T12:55:05.577990+08:00,
411400cd-cfdb-41a3-8591-e1eb7b8b65ba:ONE:QUORUM:1,MW,normal,A,READ,014d817a-6fe6-4b27-b2bb-72960b4b187e,,2,ONE,,node1,True,False,3.3,2026-09-25T12:55:05.581724+08:00,
411400cd-cfdb-41a3-8591-e1eb7b8b65ba:ONE:QUORUM:1,MW,normal,A,READ,014d817a-6fe6-4b27-b2bb-72960b4b187e,,2,ONE,,node2,True,False,4.04,2026-09-25T12:55:05.585054+08:00,
411400cd-cfdb-41a3-8591-e1eb7b8b65ba:ONE:QUORUM:1,MW,normal,A,READ,014d817a-6fe6-4b27-b2bb-72960b4b187e,,2,ONE,,node3,True,False,3.133,2026-09-25T12:55:05.589128+08:00,
411400cd-cfdb-41a3-8591-e1eb7b8b65ba:ONE:QUORUM:2,MW,normal,A,WRITE,0efbe2d3-8795-4885-ac68-5a9c84ebdfb7,1,,,ONE,node1,True,,1.785,2026-09-25T12:55:05.592296+08:00,
411400cd-cfdb-41a3-8591-e1eb7b8b65ba:ONE:QUORUM:2,MW,normal,A,WRITE,0efbe2d3-8795-4885-ac68-5a9c84ebdfb7,2,,,QUORUM,node2,True,,3.568,2026-09-25T12:55:05.594100+08:00,
411400cd-cfdb-41a3-8591-e1eb7b8b65ba:ONE:QUORUM:2,MW,normal,A,READ,0efbe2d3-8795-4885-ac68-5a9c84ebdfb7,,2,ONE,,node1,True,False,3.136,2026-09-25T12:55:05.597689+08:00,
411400cd-cfdb-41a3-8591-e1eb7b8b65ba:ONE:QUORUM:2,MW,normal,A,READ,0efbe2d3-8795-4885-ac68-5a9c84ebdfb7,,2,ONE,,node2,True,False,4.377,2026-09-25T12:55:05.600843+08:00,
411400cd-cfdb-41a3-8591-e1eb7b8b65ba:ONE:QUORUM:2,MW,normal,A,READ,0efbe2d3-8795-4885-ac68-5a9c84ebdfb7,,2,ONE,,node3,True,False,3.055,2026-09-25T12:55:05.605240+08:00,
411400cd-cfdb-41a3-8591-e1eb7b8b65ba:ONE:QUORUM:3,MW,normal,A,WRITE,e7aebc2e-2ef0-4e15-a0fe-166cb25c1a51,1,,,ONE,node1,True,,1.629,2026-09-25T12:55:05.608332+08:00,
411400cd-cfdb-41a3-8591-e1eb7b8b65ba:ONE:QUORUM:3,MW,normal,A,WRITE,e7aebc2e-2ef0-4e15-a0fe-166cb25c1a51,2,,,QUORUM,node2,True,,5.86,2026-09-25T12:55:05.609988+08:00,
411400cd-cfdb-41a3-8591-e1eb7b8b65ba:ONE:QUORUM:3,MW,normal,A,READ,e7aebc2e-2ef0-4e15-a0fe-166cb25c1a51,,2,ONE,,node1,True,False,4.051,2026-09-25T12:55:05.615887+08:00,
411400cd-cfdb-41a3-8591-e1eb7b8b65ba:ONE:QUORUM:3,MW,normal,A,READ,e7aebc2e-2ef0-4e15-a0fe-166cb25c1a51,,2,ONE,,node2,True,False,3.842,2026-09-25T12:55:05.619961+08:00,
411400cd-cfdb-41a3-8591-e1eb7b8b65ba:ONE:QUORUM:3,MW,normal,A,READ,e7aebc2e-2ef0-4e15-a0fe-166cb25c1a51,,2,ONE,,node3,True,False,3.468,2026-09-25T12:55:05.623820+08:00,
411400cd-cfdb-41a3-8591-e1eb7b8b65ba:ONE:QUORUM:4,MW,normal,A,WRITE,8b759fff-8694-4bf4-b4f4-1775107589d1,1,,,ONE,node1,True,,1.311,2026-09-25T12:55:05.627329+08:00,
411400cd-cfdb-41a3-8591-e1eb7b8b65ba:ONE:QUORUM:4,MW,normal,A,WRITE,8b759fff-8694-4bf4-b4f4-1775107589d1,2,,,QUORUM,node2,True,,2.894,2026-09-25T12:55:05.628671+08:00,
411400cd-cfdb-41a3-8591-e1eb7b8b65ba:ONE:QUORUM:4,MW,normal,A,READ,8b759fff-8694-4bf4-b4f4-1775107589d1,,2,ONE,,node1,True,False,3.95,2026-09-25T12:55:05.631578+08:00,
411400cd-cfdb-41a3-8591-e1eb7b8b65ba:ONE:QUORUM:4,MW,normal,A,READ,8b759fff-8694-4bf4-b4f4-1775107589d1,,2,ONE,,node2,True,False,4.379,2026-09-25T12:55:05.635545+08:00,
411400cd-cfdb-41a3-8591-e1eb7b8b65ba:ONE:QUORUM:4,MW,normal,A,READ,8b759fff-8694-4bf4-b4f4-1775107589d1,,2,ONE,,node3,True,False,3.013,2026-09-25T12:55:05.639952+08:00,
411400cd-cfdb-41a3-8591-e1eb7b8b65ba:ONE:QUORUM:5,MW,normal,A,WRITE,32572222-5e68-46a2-a693-99628dd90a7c,1,,,ONE,node1,True,,2.641,2026-09-25T12:55:05.643009+08:00,
411400cd-cfdb-41a3-8591-e1eb7b8b65ba:ONE:QUORUM:5,MW,normal,A,WRITE,32572222-5e68-46a2-a693-99628dd90a7c,2,,,QUORUM,node2,True,,2.942,2026-09-25T12:55:05.645681+08:00,
411400cd-cfdb-41a3-8591-e1eb7b8b65ba:ONE:QUORUM:5,MW,normal,A,READ,32572222-5e68-46a2-a693-99628dd90a7c,,2,ONE,,node1,True,False,2.349,2026-09-25T12:55:05.648637+08:00,
411400cd-cfdb-41a3-8591-e1eb7b8b65ba:ONE:QUORUM:5,MW,normal,A,READ,32572222-5e68-46a2-a693-99628dd90a7c,,2,ONE,,node2,True,False,3.786,2026-09-25T12:55:05.650996+08:00,
411400cd-cfdb-41a3-8591-e1eb7b8b65ba:ONE:QUORUM:5,MW,normal,A,READ,32572222-5e68-46a2-a693-99628dd90a7c,,2,ONE,,node3,True,False,3.184,2026-09-25T12:55:05.654793+08:00,
411400cd-cfdb-41a3-8591-e1eb7b8b65ba:ONE:QUORUM:6,MW,normal,A,WRITE,f01dabcd-62fa-4414-aeb2-90aef3cb9470,1,,,ONE,node1,True,,3.601,2026-09-25T12:55:05.657999+08:00,
411400cd-cfdb-41a3-8591-e1eb7b8b65ba:ONE:QUORUM:6,MW,normal,A,WRITE,f01dabcd-62fa-4414-aeb2-90aef3cb9470,2,,,QUORUM,node2,True,,2.885,2026-09-25T12:55:05.661613+08:00,
411400cd-cfdb-41a3-8591-e1eb7b8b65ba:ONE:QUORUM:6,MW,normal,A,READ,f01dabcd-62fa-4414-aeb2-90aef3cb9470,,2,ONE,,node1,True,False,2.492,2026-09-25T12:55:05.664510+08:00,
411400cd-cfdb-41a3-8591-e1eb7b8b65ba:ONE:QUORUM:6,MW,normal,A,READ,f01dabcd-62fa-4414-aeb2-90aef3cb9470,,2,ONE,,node2,True,False,3.808,2026-09-25T12:55:05.667012+08:00,
411400cd-cfdb-41a3-8591-e1eb7b8b65ba:ONE:QUORUM:6,MW,normal,A,READ,f01dabcd-62fa-4414-aeb2-90aef3cb9470,,2,ONE,,node3,True,False,2.062,2026-09-25T12:55:05.670834+08:00,
411400cd-cfdb-41a3-8591-e1eb7b8b65ba:ONE:QUORUM:7,MW,normal,A,WRITE,9435ee1e-1018-4218-bc10-fc04c526d9f2,1,,,ONE,node1,True,,2.698,2026-09-25T12:55:05.672921+08:00,
411400cd-cfdb-41a3-8591-e1eb7b8b65ba:ONE:QUORUM:7,MW,normal,A,WRITE,9435ee1e-1018-4218-bc10-fc04c526d9f2,2,,,QUORUM,node2,True,,3.103,2026-09-25T12:55:05.675637+08:00,
411400cd-cfdb-41a3-8591-e1eb7b8b65ba:ONE:QUORUM:7,MW,normal,A,READ,9435ee1e-1018-4218-bc10-fc04c526d9f2,,2,ONE,,node1,True,False,3.278,2026-09-25T12:55:05.678757+08:00,
411400cd-cfdb-41a3-8591-e1eb7b8b65ba:ONE:QUORUM:7,MW,normal,A,READ,9435ee1e-1018-4218-bc10-fc04c526d9f2,,2,ONE,,node2,True,False,3.803,2026-09-25T12:55:05.682060+08:00,
411400cd-cfdb-41a3-8591-e1eb7b8b65ba:ONE:QUORUM:7,MW,normal,A,READ,9435ee1e-1018-4218-bc10-fc04c526d9f2,,2,ONE,,node3,True,False,3.379,2026-09-25T12:55:05.685887+08:00,
411400cd-cfdb-41a3-8591-e1eb7b8b65ba:ONE:QUORUM:8,MW,normal,A,WRITE,c7681da1-be46-4a7b-bc57-b5239f9ac88f,1,,,ONE,node1,True,,1.585,2026-09-25T12:55:05.689305+08:00,
411400cd-cfdb-41a3-8591-e1eb7b8b65ba:ONE:QUORUM:8,MW,normal,A,WRITE,c7681da1-be46-4a7b-bc57-b5239f9ac88f,2,,,QUORUM,node2,True,,3.834,2026-09-25T12:55:05.690920+08:00,
411400cd-cfdb-41a3-8591-e1eb7b8b65ba:ONE:QUORUM:8,MW,normal,A,READ,c7681da1-be46-4a7b-bc57-b5239f9ac88f,,2,ONE,,node1,True,False,4.159,2026-09-25T12:55:05.694775+08:00,
411400cd-cfdb-41a3-8591-e1eb7b8b65ba:ONE:QUORUM:8,MW,normal,A,READ,c7681da1-be46-4a7b-bc57-b5239f9ac88f,,2,ONE,,node2,True,False,3.891,2026-09-25T12:55:05.698965+08:00,
411400cd-cfdb-41a3-8591-e1eb7b8b65ba:ONE:QUORUM:8,MW,normal,A,READ,c7681da1-be46-4a7b-bc57-b5239f9ac88f,,2,ONE,,node3,True,False,3.111,2026-09-25T12:55:05.702875+08:00,
411400cd-cfdb-41a3-8591-e1eb7b8b65ba:ONE:QUORUM:9,MW,normal,A,WRITE,9597b5ea-efbc-455e-8059-458df9a0b588,1,,,ONE,node1,True,,2.016,2026-09-25T12:55:05.706009+08:00,
411400cd-cfdb-41a3-8591-e1eb7b8b65ba:ONE:QUORUM:9,MW,normal,A,WRITE,9597b5ea-efbc-455e-8059-458df9a0b588,2,,,QUORUM,node2,True,,3.628,2026-09-25T12:55:05.708038+08:00,
411400cd-cfdb-41a3-8591-e1eb7b8b65ba:ONE:QUORUM:9,MW,normal,A,READ,9597b5ea-efbc-455e-8059-458df9a0b588,,2,ONE,,node1,True,False,2.28,2026-09-25T12:55:05.711681+08:00,
411400cd-cfdb-41a3-8591-e1eb7b8b65ba:ONE:QUORUM:9,MW,normal,A,READ,9597b5ea-efbc-455e-8059-458df9a0b588,,2,ONE,,node2,True,False,4.11,2026-09-25T12:55:05.713976+08:00,
411400cd-cfdb-41a3-8591-e1eb7b8b65ba:ONE:QUORUM:9,MW,normal,A,READ,9597b5ea-efbc-455e-8059-458df9a0b588,,2,ONE,,node3,True,False,2.954,2026-09-25T12:55:05.718124+08:00,
411400cd-cfdb-41a3-8591-e1eb7b8b65ba:ONE:QUORUM:10,MW,normal,A,WRITE,9a105aff-0c2a-45a3-ab47-6cd2050cb2ea,1,,,ONE,node1,True,,1.703,2026-09-25T12:55:05.721138+08:00,
411400cd-cfdb-41a3-8591-e1eb7b8b65ba:ONE:QUORUM:10,MW,normal,A,WRITE,9a105aff-0c2a-45a3-ab47-6cd2050cb2ea,2,,,QUORUM,node2,True,,2.751,2026-09-25T12:55:05.722861+08:00,
411400cd-cfdb-41a3-8591-e1eb7b8b65ba:ONE:QUORUM:10,MW,normal,A,READ,9a105aff-0c2a-45a3-ab47-6cd2050cb2ea,,2,ONE,,node1,True,False,3.137,2026-09-25T12:55:05.725627+08:00,
411400cd-cfdb-41a3-8591-e1eb7b8b65ba:ONE:QUORUM:10,MW,normal,A,READ,9a105aff-0c2a-45a3-ab47-6cd2050cb2ea,,2,ONE,,node2,True,False,2.945,2026-09-25T12:55:05.728775+08:00,
411400cd-cfdb-41a3-8591-e1eb7b8b65ba:ONE:QUORUM:10,MW,normal,A,READ,9a105aff-0c2a-45a3-ab47-6cd2050cb2ea,,2,ONE,,node3,True,False,3.054,2026-09-25T12:55:05.731730+08:00,
411400cd-cfdb-41a3-8591-e1eb7b8b65ba:QUORUM:ONE:1,MW,normal,A,WRITE,7c837781-d71a-4884-8a7b-27f5964421fb,1,,,QUORUM,node1,True,,2.809,2026-09-25T12:55:05.736945+08:00,
411400cd-cfdb-41a3-8591-e1eb7b8b65ba:QUORUM:ONE:1,MW,normal,A,WRITE,7c837781-d71a-4884-8a7b-27f5964421fb,2,,,ONE,node2,True,,3.281,2026-09-25T12:55:05.739774+08:00,
411400cd-cfdb-41a3-8591-e1eb7b8b65ba:QUORUM:ONE:1,MW,normal,A,READ,7c837781-d71a-4884-8a7b-27f5964421fb,,2,ONE,,node1,True,False,3.871,2026-09-25T12:55:05.743087+08:00,
411400cd-cfdb-41a3-8591-e1eb7b8b65ba:QUORUM:ONE:1,MW,normal,A,READ,7c837781-d71a-4884-8a7b-27f5964421fb,,2,ONE,,node2,True,False,4.323,2026-09-25T12:55:05.746988+08:00,
411400cd-cfdb-41a3-8591-e1eb7b8b65ba:QUORUM:ONE:1,MW,normal,A,READ,7c837781-d71a-4884-8a7b-27f5964421fb,,2,ONE,,node3,True,False,2.948,2026-09-25T12:55:05.751342+08:00,
411400cd-cfdb-41a3-8591-e1eb7b8b65ba:QUORUM:ONE:2,MW,normal,A,WRITE,52feea19-fe7b-4467-9488-6ebef21541ef,1,,,QUORUM,node1,True,,3.545,2026-09-25T12:55:05.754333+08:00,
411400cd-cfdb-41a3-8591-e1eb7b8b65ba:QUORUM:ONE:2,MW,normal,A,WRITE,52feea19-fe7b-4467-9488-6ebef21541ef,2,,,ONE,node2,True,,2.06,2026-09-25T12:55:05.757909+08:00,
411400cd-cfdb-41a3-8591-e1eb7b8b65ba:QUORUM:ONE:2,MW,normal,A,READ,52feea19-fe7b-4467-9488-6ebef21541ef,,2,ONE,,node1,True,False,4.183,2026-09-25T12:55:05.760005+08:00,
411400cd-cfdb-41a3-8591-e1eb7b8b65ba:QUORUM:ONE:2,MW,normal,A,READ,52feea19-fe7b-4467-9488-6ebef21541ef,,2,ONE,,node2,True,False,3.751,2026-09-25T12:55:05.764226+08:00,
411400cd-cfdb-41a3-8591-e1eb7b8b65ba:QUORUM:ONE:2,MW,normal,A,READ,52feea19-fe7b-4467-9488-6ebef21541ef,,2,ONE,,node3,True,False,3.078,2026-09-25T12:55:05.768040+08:00,
411400cd-cfdb-41a3-8591-e1eb7b8b65ba:QUORUM:ONE:3,MW,normal,A,WRITE,de357da5-d32f-4a29-8489-a5feb0ff30f2,1,,,QUORUM,node1,True,,3.569,2026-09-25T12:55:05.771156+08:00,
411400cd-cfdb-41a3-8591-e1eb7b8b65ba:QUORUM:ONE:3,MW,normal,A,WRITE,de357da5-d32f-4a29-8489-a5feb0ff30f2,2,,,ONE,node2,True,,2.194,2026-09-25T12:55:05.774751+08:00,
411400cd-cfdb-41a3-8591-e1eb7b8b65ba:QUORUM:ONE:3,MW,normal,A,READ,de357da5-d32f-4a29-8489-a5feb0ff30f2,,2,ONE,,node1,True,False,3.891,2026-09-25T12:55:05.776971+08:00,
411400cd-cfdb-41a3-8591-e1eb7b8b65ba:QUORUM:ONE:3,MW,normal,A,READ,de357da5-d32f-4a29-8489-a5feb0ff30f2,,2,ONE,,node2,True,False,2.81,2026-09-25T12:55:05.780881+08:00,
411400cd-cfdb-41a3-8591-e1eb7b8b65ba:QUORUM:ONE:3,MW,normal,A,READ,de357da5-d32f-4a29-8489-a5feb0ff30f2,,2,ONE,,node3,True,False,2.208,2026-09-25T12:55:05.783707+08:00,
411400cd-cfdb-41a3-8591-e1eb7b8b65ba:QUORUM:ONE:4,MW,normal,A,WRITE,ec501f03-bdd9-4a4b-b9c8-b63186e716c1,1,,,QUORUM,node1,True,,3.607,2026-09-25T12:55:05.785935+08:00,
411400cd-cfdb-41a3-8591-e1eb7b8b65ba:QUORUM:ONE:4,MW,normal,A,WRITE,ec501f03-bdd9-4a4b-b9c8-b63186e716c1,2,,,ONE,node2,True,,1.131,2026-09-25T12:55:05.789556+08:00,
411400cd-cfdb-41a3-8591-e1eb7b8b65ba:QUORUM:ONE:4,MW,normal,A,READ,ec501f03-bdd9-4a4b-b9c8-b63186e716c1,,2,ONE,,node1,True,False,2.179,2026-09-25T12:55:05.790699+08:00,
411400cd-cfdb-41a3-8591-e1eb7b8b65ba:QUORUM:ONE:4,MW,normal,A,READ,ec501f03-bdd9-4a4b-b9c8-b63186e716c1,,2,ONE,,node2,True,False,3.945,2026-09-25T12:55:05.792895+08:00,
411400cd-cfdb-41a3-8591-e1eb7b8b65ba:QUORUM:ONE:4,MW,normal,A,READ,ec501f03-bdd9-4a4b-b9c8-b63186e716c1,,2,ONE,,node3,True,False,3.499,2026-09-25T12:55:05.796864+08:00,
411400cd-cfdb-41a3-8591-e1eb7b8b65ba:QUORUM:ONE:5,MW,normal,A,WRITE,aa6f0d51-5aab-468f-a43e-e4554c4f40ae,1,,,QUORUM,node1,True,,3.142,2026-09-25T12:55:05.800396+08:00,
411400cd-cfdb-41a3-8591-e1eb7b8b65ba:QUORUM:ONE:5,MW,normal,A,WRITE,aa6f0d51-5aab-468f-a43e-e4554c4f40ae,2,,,ONE,node2,True,,1.035,2026-09-25T12:55:05.803561+08:00,
411400cd-cfdb-41a3-8591-e1eb7b8b65ba:QUORUM:ONE:5,MW,normal,A,READ,aa6f0d51-5aab-468f-a43e-e4554c4f40ae,,2,ONE,,node1,True,False,3.247,2026-09-25T12:55:05.804607+08:00,
411400cd-cfdb-41a3-8591-e1eb7b8b65ba:QUORUM:ONE:5,MW,normal,A,READ,aa6f0d51-5aab-468f-a43e-e4554c4f40ae,,2,ONE,,node2,True,False,2.748,2026-09-25T12:55:05.807867+08:00,
411400cd-cfdb-41a3-8591-e1eb7b8b65ba:QUORUM:ONE:5,MW,normal,A,READ,aa6f0d51-5aab-468f-a43e-e4554c4f40ae,,2,ONE,,node3,True,False,2.327,2026-09-25T12:55:05.810638+08:00,
411400cd-cfdb-41a3-8591-e1eb7b8b65ba:QUORUM:ONE:6,MW,normal,A,WRITE,ceba360d-ef83-4a4c-b45d-465b2f448902,1,,,QUORUM,node1,True,,3.645,2026-09-25T12:55:05.812985+08:00,
411400cd-cfdb-41a3-8591-e1eb7b8b65ba:QUORUM:ONE:6,MW,normal,A,WRITE,ceba360d-ef83-4a4c-b45d-465b2f448902,2,,,ONE,node2,True,,0.984,2026-09-25T12:55:05.816640+08:00,
411400cd-cfdb-41a3-8591-e1eb7b8b65ba:QUORUM:ONE:6,MW,normal,A,READ,ceba360d-ef83-4a4c-b45d-465b2f448902,,2,ONE,,node1,True,False,3.074,2026-09-25T12:55:05.817634+08:00,
411400cd-cfdb-41a3-8591-e1eb7b8b65ba:QUORUM:ONE:6,MW,normal,A,READ,ceba360d-ef83-4a4c-b45d-465b2f448902,,2,ONE,,node2,True,False,2.191,2026-09-25T12:55:05.820718+08:00,
411400cd-cfdb-41a3-8591-e1eb7b8b65ba:QUORUM:ONE:6,MW,normal,A,READ,ceba360d-ef83-4a4c-b45d-465b2f448902,,2,ONE,,node3,True,False,3.965,2026-09-25T12:55:05.822929+08:00,
411400cd-cfdb-41a3-8591-e1eb7b8b65ba:QUORUM:ONE:7,MW,normal,A,WRITE,07e7f459-b993-4c71-bbeb-725fb5fecc81,1,,,QUORUM,node1,True,,3.567,2026-09-25T12:55:05.826931+08:00,
411400cd-cfdb-41a3-8591-e1eb7b8b65ba:QUORUM:ONE:7,MW,normal,A,WRITE,07e7f459-b993-4c71-bbeb-725fb5fecc81,2,,,ONE,node2,True,,1.287,2026-09-25T12:55:05.830522+08:00,
411400cd-cfdb-41a3-8591-e1eb7b8b65ba:QUORUM:ONE:7,MW,normal,A,READ,07e7f459-b993-4c71-bbeb-725fb5fecc81,,2,ONE,,node1,True,False,3.065,2026-09-25T12:55:05.831819+08:00,
411400cd-cfdb-41a3-8591-e1eb7b8b65ba:QUORUM:ONE:7,MW,normal,A,READ,07e7f459-b993-4c71-bbeb-725fb5fecc81,,2,ONE,,node2,True,False,3.928,2026-09-25T12:55:05.834898+08:00,
411400cd-cfdb-41a3-8591-e1eb7b8b65ba:QUORUM:ONE:7,MW,normal,A,READ,07e7f459-b993-4c71-bbeb-725fb5fecc81,,2,ONE,,node3,True,False,3.112,2026-09-25T12:55:05.838860+08:00,
411400cd-cfdb-41a3-8591-e1eb7b8b65ba:QUORUM:ONE:8,MW,normal,A,WRITE,fb1dccd2-b6af-4b3e-b3cf-7cea6609a7a8,1,,,QUORUM,node1,True,,3.641,2026-09-25T12:55:05.842009+08:00,
411400cd-cfdb-41a3-8591-e1eb7b8b65ba:QUORUM:ONE:8,MW,normal,A,WRITE,fb1dccd2-b6af-4b3e-b3cf-7cea6609a7a8,2,,,ONE,node2,True,,1.071,2026-09-25T12:55:05.845671+08:00,
411400cd-cfdb-41a3-8591-e1eb7b8b65ba:QUORUM:ONE:8,MW,normal,A,READ,fb1dccd2-b6af-4b3e-b3cf-7cea6609a7a8,,2,ONE,,node1,True,False,2.978,2026-09-25T12:55:05.846752+08:00,
411400cd-cfdb-41a3-8591-e1eb7b8b65ba:QUORUM:ONE:8,MW,normal,A,READ,fb1dccd2-b6af-4b3e-b3cf-7cea6609a7a8,,2,ONE,,node2,True,False,2.985,2026-09-25T12:55:05.849738+08:00,
411400cd-cfdb-41a3-8591-e1eb7b8b65ba:QUORUM:ONE:8,MW,normal,A,READ,fb1dccd2-b6af-4b3e-b3cf-7cea6609a7a8,,2,ONE,,node3,True,False,3.253,2026-09-25T12:55:05.852731+08:00,
411400cd-cfdb-41a3-8591-e1eb7b8b65ba:QUORUM:ONE:9,MW,normal,A,WRITE,5221fe14-d02d-4f7f-91d0-1d6b66757baf,1,,,QUORUM,node1,True,,3.578,2026-09-25T12:55:05.856004+08:00,
411400cd-cfdb-41a3-8591-e1eb7b8b65ba:QUORUM:ONE:9,MW,normal,A,WRITE,5221fe14-d02d-4f7f-91d0-1d6b66757baf,2,,,ONE,node2,True,,0.979,2026-09-25T12:55:05.859599+08:00,
411400cd-cfdb-41a3-8591-e1eb7b8b65ba:QUORUM:ONE:9,MW,normal,A,READ,5221fe14-d02d-4f7f-91d0-1d6b66757baf,,2,ONE,,node1,True,False,3.151,2026-09-25T12:55:05.860587+08:00,
411400cd-cfdb-41a3-8591-e1eb7b8b65ba:QUORUM:ONE:9,MW,normal,A,READ,5221fe14-d02d-4f7f-91d0-1d6b66757baf,,2,ONE,,node2,True,False,3.014,2026-09-25T12:55:05.863748+08:00,
411400cd-cfdb-41a3-8591-e1eb7b8b65ba:QUORUM:ONE:9,MW,normal,A,READ,5221fe14-d02d-4f7f-91d0-1d6b66757baf,,2,ONE,,node3,True,False,2.245,2026-09-25T12:55:05.866772+08:00,
411400cd-cfdb-41a3-8591-e1eb7b8b65ba:QUORUM:ONE:10,MW,normal,A,WRITE,04d9b216-acfc-4c2a-8fcf-a8974d93c568,1,,,QUORUM,node1,True,,3.48,2026-09-25T12:55:05.869029+08:00,
411400cd-cfdb-41a3-8591-e1eb7b8b65ba:QUORUM:ONE:10,MW,normal,A,WRITE,04d9b216-acfc-4c2a-8fcf-a8974d93c568,2,,,ONE,node2,True,,1.89,2026-09-25T12:55:05.872518+08:00,
411400cd-cfdb-41a3-8591-e1eb7b8b65ba:QUORUM:ONE:10,MW,normal,A,READ,04d9b216-acfc-4c2a-8fcf-a8974d93c568,,2,ONE,,node1,True,False,3.227,2026-09-25T12:55:05.874420+08:00,
411400cd-cfdb-41a3-8591-e1eb7b8b65ba:QUORUM:ONE:10,MW,normal,A,READ,04d9b216-acfc-4c2a-8fcf-a8974d93c568,,2,ONE,,node2,True,False,3.207,2026-09-25T12:55:05.877659+08:00,
411400cd-cfdb-41a3-8591-e1eb7b8b65ba:QUORUM:ONE:10,MW,normal,A,READ,04d9b216-acfc-4c2a-8fcf-a8974d93c568,,2,ONE,,node3,True,False,3.22,2026-09-25T12:55:05.880880+08:00,
411400cd-cfdb-41a3-8591-e1eb7b8b65ba:QUORUM:QUORUM:1,MW,normal,A,WRITE,d70f20ea-9485-4056-98f8-d35a0f5080ed,1,,,QUORUM,node1,True,,3.41,2026-09-25T12:55:05.886140+08:00,
411400cd-cfdb-41a3-8591-e1eb7b8b65ba:QUORUM:QUORUM:1,MW,normal,A,WRITE,d70f20ea-9485-4056-98f8-d35a0f5080ed,2,,,QUORUM,node2,True,,3.266,2026-09-25T12:55:05.889574+08:00,
411400cd-cfdb-41a3-8591-e1eb7b8b65ba:QUORUM:QUORUM:1,MW,normal,A,READ,d70f20ea-9485-4056-98f8-d35a0f5080ed,,2,ONE,,node1,True,False,3.215,2026-09-25T12:55:05.892867+08:00,
411400cd-cfdb-41a3-8591-e1eb7b8b65ba:QUORUM:QUORUM:1,MW,normal,A,READ,d70f20ea-9485-4056-98f8-d35a0f5080ed,,2,ONE,,node2,True,False,4.056,2026-09-25T12:55:05.896140+08:00,
411400cd-cfdb-41a3-8591-e1eb7b8b65ba:QUORUM:QUORUM:1,MW,normal,A,READ,d70f20ea-9485-4056-98f8-d35a0f5080ed,,2,ONE,,node3,True,False,3.122,2026-09-25T12:55:05.900240+08:00,
411400cd-cfdb-41a3-8591-e1eb7b8b65ba:QUORUM:QUORUM:2,MW,normal,A,WRITE,21836577-8a4e-47f4-9020-c4a7ba99847c,1,,,QUORUM,node1,True,,3.299,2026-09-25T12:55:05.903432+08:00,
411400cd-cfdb-41a3-8591-e1eb7b8b65ba:QUORUM:QUORUM:2,MW,normal,A,WRITE,21836577-8a4e-47f4-9020-c4a7ba99847c,2,,,QUORUM,node2,True,,4.019,2026-09-25T12:55:05.906762+08:00,
411400cd-cfdb-41a3-8591-e1eb7b8b65ba:QUORUM:QUORUM:2,MW,normal,A,READ,21836577-8a4e-47f4-9020-c4a7ba99847c,,2,ONE,,node1,True,False,3.086,2026-09-25T12:55:05.910814+08:00,
411400cd-cfdb-41a3-8591-e1eb7b8b65ba:QUORUM:QUORUM:2,MW,normal,A,READ,21836577-8a4e-47f4-9020-c4a7ba99847c,,2,ONE,,node2,True,False,3.961,2026-09-25T12:55:05.913921+08:00,
411400cd-cfdb-41a3-8591-e1eb7b8b65ba:QUORUM:QUORUM:2,MW,normal,A,READ,21836577-8a4e-47f4-9020-c4a7ba99847c,,2,ONE,,node3,True,False,3.423,2026-09-25T12:55:05.917898+08:00,
411400cd-cfdb-41a3-8591-e1eb7b8b65ba:QUORUM:QUORUM:3,MW,normal,A,WRITE,bf3d6bba-e384-49fb-a125-4b18377f4976,1,,,QUORUM,node1,True,,3.332,2026-09-25T12:55:05.921348+08:00,
411400cd-cfdb-41a3-8591-e1eb7b8b65ba:QUORUM:QUORUM:3,MW,normal,A,WRITE,bf3d6bba-e384-49fb-a125-4b18377f4976,2,,,QUORUM,node2,True,,3.284,2026-09-25T12:55:05.924697+08:00,
411400cd-cfdb-41a3-8591-e1eb7b8b65ba:QUORUM:QUORUM:3,MW,normal,A,READ,bf3d6bba-e384-49fb-a125-4b18377f4976,,2,ONE,,node1,True,False,3.895,2026-09-25T12:55:05.928003+08:00,
411400cd-cfdb-41a3-8591-e1eb7b8b65ba:QUORUM:QUORUM:3,MW,normal,A,READ,bf3d6bba-e384-49fb-a125-4b18377f4976,,2,ONE,,node2,True,False,4.002,2026-09-25T12:55:05.931919+08:00,
411400cd-cfdb-41a3-8591-e1eb7b8b65ba:QUORUM:QUORUM:3,MW,normal,A,READ,bf3d6bba-e384-49fb-a125-4b18377f4976,,2,ONE,,node3,True,False,3.234,2026-09-25T12:55:05.935941+08:00,
411400cd-cfdb-41a3-8591-e1eb7b8b65ba:QUORUM:QUORUM:4,MW,normal,A,WRITE,02cabc8d-0be1-4604-bdbf-a8f9a3cf60ed,1,,,QUORUM,node1,True,,3.533,2026-09-25T12:55:05.939199+08:00,
411400cd-cfdb-41a3-8591-e1eb7b8b65ba:QUORUM:QUORUM:4,MW,normal,A,WRITE,02cabc8d-0be1-4604-bdbf-a8f9a3cf60ed,2,,,QUORUM,node2,True,,2.926,2026-09-25T12:55:05.942750+08:00,
411400cd-cfdb-41a3-8591-e1eb7b8b65ba:QUORUM:QUORUM:4,MW,normal,A,READ,02cabc8d-0be1-4604-bdbf-a8f9a3cf60ed,,2,ONE,,node1,True,False,2.411,2026-09-25T12:55:05.945690+08:00,
411400cd-cfdb-41a3-8591-e1eb7b8b65ba:QUORUM:QUORUM:4,MW,normal,A,READ,02cabc8d-0be1-4604-bdbf-a8f9a3cf60ed,,2,ONE,,node2,True,False,3.655,2026-09-25T12:55:05.948114+08:00,
411400cd-cfdb-41a3-8591-e1eb7b8b65ba:QUORUM:QUORUM:4,MW,normal,A,READ,02cabc8d-0be1-4604-bdbf-a8f9a3cf60ed,,2,ONE,,node3,True,False,2.266,2026-09-25T12:55:05.951778+08:00,
411400cd-cfdb-41a3-8591-e1eb7b8b65ba:QUORUM:QUORUM:5,MW,normal,A,WRITE,d04ed9ce-a870-4215-a184-23f8c4f43d63,1,,,QUORUM,node1,True,,3.362,2026-09-25T12:55:05.954057+08:00,
411400cd-cfdb-41a3-8591-e1eb7b8b65ba:QUORUM:QUORUM:5,MW,normal,A,WRITE,d04ed9ce-a870-4215-a184-23f8c4f43d63,2,,,QUORUM,node2,True,,3.199,2026-09-25T12:55:05.957427+08:00,
411400cd-cfdb-41a3-8591-e1eb7b8b65ba:QUORUM:QUORUM:5,MW,normal,A,READ,d04ed9ce-a870-4215-a184-23f8c4f43d63,,2,ONE,,node1,True,False,3.098,2026-09-25T12:55:05.960638+08:00,
411400cd-cfdb-41a3-8591-e1eb7b8b65ba:QUORUM:QUORUM:5,MW,normal,A,READ,d04ed9ce-a870-4215-a184-23f8c4f43d63,,2,ONE,,node2,True,False,3.051,2026-09-25T12:55:05.963744+08:00,
411400cd-cfdb-41a3-8591-e1eb7b8b65ba:QUORUM:QUORUM:5,MW,normal,A,READ,d04ed9ce-a870-4215-a184-23f8c4f43d63,,2,ONE,,node3,True,False,2.257,2026-09-25T12:55:05.966801+08:00,
411400cd-cfdb-41a3-8591-e1eb7b8b65ba:QUORUM:QUORUM:6,MW,normal,A,WRITE,3a4ee324-6466-43d6-8a80-7ec66d92d6ec,1,,,QUORUM,node1,True,,3.548,2026-09-25T12:55:05.969068+08:00,
411400cd-cfdb-41a3-8591-e1eb7b8b65ba:QUORUM:QUORUM:6,MW,normal,A,WRITE,3a4ee324-6466-43d6-8a80-7ec66d92d6ec,2,,,QUORUM,node2,True,,2.76,2026-09-25T12:55:05.972623+08:00,
411400cd-cfdb-41a3-8591-e1eb7b8b65ba:QUORUM:QUORUM:6,MW,normal,A,READ,3a4ee324-6466-43d6-8a80-7ec66d92d6ec,,2,ONE,,node1,True,False,2.439,2026-09-25T12:55:05.975393+08:00,
411400cd-cfdb-41a3-8591-e1eb7b8b65ba:QUORUM:QUORUM:6,MW,normal,A,READ,3a4ee324-6466-43d6-8a80-7ec66d92d6ec,,2,ONE,,node2,True,False,2.908,2026-09-25T12:55:05.977838+08:00,
411400cd-cfdb-41a3-8591-e1eb7b8b65ba:QUORUM:QUORUM:6,MW,normal,A,READ,3a4ee324-6466-43d6-8a80-7ec66d92d6ec,,2,ONE,,node3,True,False,3.124,2026-09-25T12:55:05.980752+08:00,
411400cd-cfdb-41a3-8591-e1eb7b8b65ba:QUORUM:QUORUM:7,MW,normal,A,WRITE,2d55c806-df30-4249-86c0-89bff7b20223,1,,,QUORUM,node1,True,,2.689,2026-09-25T12:55:05.983886+08:00,
411400cd-cfdb-41a3-8591-e1eb7b8b65ba:QUORUM:QUORUM:7,MW,normal,A,WRITE,2d55c806-df30-4249-86c0-89bff7b20223,2,,,QUORUM,node2,True,,3.059,2026-09-25T12:55:05.986583+08:00,
411400cd-cfdb-41a3-8591-e1eb7b8b65ba:QUORUM:QUORUM:7,MW,normal,A,READ,2d55c806-df30-4249-86c0-89bff7b20223,,2,ONE,,node1,True,False,3.148,2026-09-25T12:55:05.989653+08:00,
411400cd-cfdb-41a3-8591-e1eb7b8b65ba:QUORUM:QUORUM:7,MW,normal,A,READ,2d55c806-df30-4249-86c0-89bff7b20223,,2,ONE,,node2,True,False,2.953,2026-09-25T12:55:05.992809+08:00,
411400cd-cfdb-41a3-8591-e1eb7b8b65ba:QUORUM:QUORUM:7,MW,normal,A,READ,2d55c806-df30-4249-86c0-89bff7b20223,,2,ONE,,node3,True,False,2.159,2026-09-25T12:55:05.995772+08:00,
411400cd-cfdb-41a3-8591-e1eb7b8b65ba:QUORUM:QUORUM:8,MW,normal,A,WRITE,be7f68ab-5429-4d84-9b3a-6e72f315eafb,1,,,QUORUM,node1,True,,3.564,2026-09-25T12:55:05.997948+08:00,
411400cd-cfdb-41a3-8591-e1eb7b8b65ba:QUORUM:QUORUM:8,MW,normal,A,WRITE,be7f68ab-5429-4d84-9b3a-6e72f315eafb,2,,,QUORUM,node2,True,,3.097,2026-09-25T12:55:06.001522+08:00,
411400cd-cfdb-41a3-8591-e1eb7b8b65ba:QUORUM:QUORUM:8,MW,normal,A,READ,be7f68ab-5429-4d84-9b3a-6e72f315eafb,,2,ONE,,node1,True,False,3.131,2026-09-25T12:55:06.004627+08:00,
411400cd-cfdb-41a3-8591-e1eb7b8b65ba:QUORUM:QUORUM:8,MW,normal,A,READ,be7f68ab-5429-4d84-9b3a-6e72f315eafb,,2,ONE,,node2,True,False,2.988,2026-09-25T12:55:06.007764+08:00,
411400cd-cfdb-41a3-8591-e1eb7b8b65ba:QUORUM:QUORUM:8,MW,normal,A,READ,be7f68ab-5429-4d84-9b3a-6e72f315eafb,,2,ONE,,node3,True,False,2.313,2026-09-25T12:55:06.010759+08:00,
411400cd-cfdb-41a3-8591-e1eb7b8b65ba:QUORUM:QUORUM:9,MW,normal,A,WRITE,a32e8695-14f5-4a0f-af80-07efffaf5e7b,1,,,QUORUM,node1,True,,3.494,2026-09-25T12:55:06.013084+08:00,
411400cd-cfdb-41a3-8591-e1eb7b8b65ba:QUORUM:QUORUM:9,MW,normal,A,WRITE,a32e8695-14f5-4a0f-af80-07efffaf5e7b,2,,,QUORUM,node2,True,,2.905,2026-09-25T12:55:06.016586+08:00,
411400cd-cfdb-41a3-8591-e1eb7b8b65ba:QUORUM:QUORUM:9,MW,normal,A,READ,a32e8695-14f5-4a0f-af80-07efffaf5e7b,,2,ONE,,node1,True,False,3.271,2026-09-25T12:55:06.019498+08:00,
411400cd-cfdb-41a3-8591-e1eb7b8b65ba:QUORUM:QUORUM:9,MW,normal,A,READ,a32e8695-14f5-4a0f-af80-07efffaf5e7b,,2,ONE,,node2,True,False,2.838,2026-09-25T12:55:06.022777+08:00,
411400cd-cfdb-41a3-8591-e1eb7b8b65ba:QUORUM:QUORUM:9,MW,normal,A,READ,a32e8695-14f5-4a0f-af80-07efffaf5e7b,,2,ONE,,node3,True,False,3.636,2026-09-25T12:55:06.025621+08:00,
411400cd-cfdb-41a3-8591-e1eb7b8b65ba:QUORUM:QUORUM:10,MW,normal,A,WRITE,e3c85813-bb5b-496e-a04f-82b6343067eb,1,,,QUORUM,node1,True,,3.313,2026-09-25T12:55:06.029271+08:00,
411400cd-cfdb-41a3-8591-e1eb7b8b65ba:QUORUM:QUORUM:10,MW,normal,A,WRITE,e3c85813-bb5b-496e-a04f-82b6343067eb,2,,,QUORUM,node2,True,,3.098,2026-09-25T12:55:06.032596+08:00,
411400cd-cfdb-41a3-8591-e1eb7b8b65ba:QUORUM:QUORUM:10,MW,normal,A,READ,e3c85813-bb5b-496e-a04f-82b6343067eb,,2,ONE,,node1,True,False,2.208,2026-09-25T12:55:06.035704+08:00,
411400cd-cfdb-41a3-8591-e1eb7b8b65ba:QUORUM:QUORUM:10,MW,normal,A,READ,e3c85813-bb5b-496e-a04f-82b6343067eb,,2,ONE,,node2,True,False,4.063,2026-09-25T12:55:06.037921+08:00,
411400cd-cfdb-41a3-8591-e1eb7b8b65ba:QUORUM:QUORUM:10,MW,normal,A,READ,e3c85813-bb5b-496e-a04f-82b6343067eb,,2,ONE,,node3,True,False,3.436,2026-09-25T12:55:06.041999+08:00,
411400cd-cfdb-41a3-8591-e1eb7b8b65ba:ALL:ONE:1,MW,normal,A,WRITE,2cf2307c-daf3-4955-9e8e-bc9ebd94955e,1,,,ALL,node1,True,,3.543,2026-09-25T12:55:06.048138+08:00,
411400cd-cfdb-41a3-8591-e1eb7b8b65ba:ALL:ONE:1,MW,normal,A,WRITE,2cf2307c-daf3-4955-9e8e-bc9ebd94955e,2,,,ONE,node2,True,,0.999,2026-09-25T12:55:06.051716+08:00,
411400cd-cfdb-41a3-8591-e1eb7b8b65ba:ALL:ONE:1,MW,normal,A,READ,2cf2307c-daf3-4955-9e8e-bc9ebd94955e,,2,ONE,,node1,True,False,3.314,2026-09-25T12:55:06.052729+08:00,
411400cd-cfdb-41a3-8591-e1eb7b8b65ba:ALL:ONE:1,MW,normal,A,READ,2cf2307c-daf3-4955-9e8e-bc9ebd94955e,,2,ONE,,node2,True,False,3.986,2026-09-25T12:55:06.056059+08:00,
411400cd-cfdb-41a3-8591-e1eb7b8b65ba:ALL:ONE:1,MW,normal,A,READ,2cf2307c-daf3-4955-9e8e-bc9ebd94955e,,2,ONE,,node3,True,False,3.086,2026-09-25T12:55:06.060071+08:00,
411400cd-cfdb-41a3-8591-e1eb7b8b65ba:ALL:ONE:2,MW,normal,A,WRITE,28db0132-af4f-46aa-9a44-178c7b6f32f5,1,,,ALL,node1,True,,3.579,2026-09-25T12:55:06.063180+08:00,
411400cd-cfdb-41a3-8591-e1eb7b8b65ba:ALL:ONE:2,MW,normal,A,WRITE,28db0132-af4f-46aa-9a44-178c7b6f32f5,2,,,ONE,node2,True,,1.004,2026-09-25T12:55:06.066773+08:00,
411400cd-cfdb-41a3-8591-e1eb7b8b65ba:ALL:ONE:2,MW,normal,A,READ,28db0132-af4f-46aa-9a44-178c7b6f32f5,,2,ONE,,node1,True,False,2.113,2026-09-25T12:55:06.067792+08:00,
411400cd-cfdb-41a3-8591-e1eb7b8b65ba:ALL:ONE:2,MW,normal,A,READ,28db0132-af4f-46aa-9a44-178c7b6f32f5,,2,ONE,,node2,True,False,4.04,2026-09-25T12:55:06.069916+08:00,
411400cd-cfdb-41a3-8591-e1eb7b8b65ba:ALL:ONE:2,MW,normal,A,READ,28db0132-af4f-46aa-9a44-178c7b6f32f5,,2,ONE,,node3,True,False,3.301,2026-09-25T12:55:06.073973+08:00,
411400cd-cfdb-41a3-8591-e1eb7b8b65ba:ALL:ONE:3,MW,normal,A,WRITE,24c333b0-4f74-4cf8-a334-2a442b7610d2,1,,,ALL,node1,True,,3.327,2026-09-25T12:55:06.077317+08:00,
411400cd-cfdb-41a3-8591-e1eb7b8b65ba:ALL:ONE:3,MW,normal,A,WRITE,24c333b0-4f74-4cf8-a334-2a442b7610d2,2,,,ONE,node2,True,,1.009,2026-09-25T12:55:06.080664+08:00,
411400cd-cfdb-41a3-8591-e1eb7b8b65ba:ALL:ONE:3,MW,normal,A,READ,24c333b0-4f74-4cf8-a334-2a442b7610d2,,2,ONE,,node1,True,False,3.167,2026-09-25T12:55:06.081690+08:00,
411400cd-cfdb-41a3-8591-e1eb7b8b65ba:ALL:ONE:3,MW,normal,A,READ,24c333b0-4f74-4cf8-a334-2a442b7610d2,,2,ONE,,node2,True,False,3.714,2026-09-25T12:55:06.084877+08:00,
411400cd-cfdb-41a3-8591-e1eb7b8b65ba:ALL:ONE:3,MW,normal,A,READ,24c333b0-4f74-4cf8-a334-2a442b7610d2,,2,ONE,,node3,True,False,2.394,2026-09-25T12:55:06.088607+08:00,
411400cd-cfdb-41a3-8591-e1eb7b8b65ba:ALL:ONE:4,MW,normal,A,WRITE,82b5bf2e-7508-401a-86bc-df9aecde08f3,1,,,ALL,node1,True,,3.583,2026-09-25T12:55:06.091020+08:00,
411400cd-cfdb-41a3-8591-e1eb7b8b65ba:ALL:ONE:4,MW,normal,A,WRITE,82b5bf2e-7508-401a-86bc-df9aecde08f3,2,,,ONE,node2,True,,1.16,2026-09-25T12:55:06.094616+08:00,
411400cd-cfdb-41a3-8591-e1eb7b8b65ba:ALL:ONE:4,MW,normal,A,READ,82b5bf2e-7508-401a-86bc-df9aecde08f3,,2,ONE,,node1,True,False,2.986,2026-09-25T12:55:06.095794+08:00,
411400cd-cfdb-41a3-8591-e1eb7b8b65ba:ALL:ONE:4,MW,normal,A,READ,82b5bf2e-7508-401a-86bc-df9aecde08f3,,2,ONE,,node2,True,False,3.292,2026-09-25T12:55:06.098793+08:00,
411400cd-cfdb-41a3-8591-e1eb7b8b65ba:ALL:ONE:4,MW,normal,A,READ,82b5bf2e-7508-401a-86bc-df9aecde08f3,,2,ONE,,node3,True,False,2.976,2026-09-25T12:55:06.102098+08:00,
411400cd-cfdb-41a3-8591-e1eb7b8b65ba:ALL:ONE:5,MW,normal,A,WRITE,d1ea28ca-2c4d-41c9-965e-3f68ca86c554,1,,,ALL,node1,True,,3.53,2026-09-25T12:55:06.105096+08:00,
411400cd-cfdb-41a3-8591-e1eb7b8b65ba:ALL:ONE:5,MW,normal,A,WRITE,d1ea28ca-2c4d-41c9-965e-3f68ca86c554,2,,,ONE,node2,True,,1.041,2026-09-25T12:55:06.108641+08:00,
411400cd-cfdb-41a3-8591-e1eb7b8b65ba:ALL:ONE:5,MW,normal,A,READ,d1ea28ca-2c4d-41c9-965e-3f68ca86c554,,2,ONE,,node1,True,False,2.219,2026-09-25T12:55:06.109694+08:00,
411400cd-cfdb-41a3-8591-e1eb7b8b65ba:ALL:ONE:5,MW,normal,A,READ,d1ea28ca-2c4d-41c9-965e-3f68ca86c554,,2,ONE,,node2,True,False,3.829,2026-09-25T12:55:06.111925+08:00,
411400cd-cfdb-41a3-8591-e1eb7b8b65ba:ALL:ONE:5,MW,normal,A,READ,d1ea28ca-2c4d-41c9-965e-3f68ca86c554,,2,ONE,,node3,True,False,3.037,2026-09-25T12:55:06.115771+08:00,
411400cd-cfdb-41a3-8591-e1eb7b8b65ba:ALL:ONE:6,MW,normal,A,WRITE,408ad869-04fb-45f6-9827-402c1af26534,1,,,ALL,node1,True,,2.773,2026-09-25T12:55:06.118825+08:00,
411400cd-cfdb-41a3-8591-e1eb7b8b65ba:ALL:ONE:6,MW,normal,A,WRITE,408ad869-04fb-45f6-9827-402c1af26534,2,,,ONE,node2,True,,1.981,2026-09-25T12:55:06.121608+08:00,
411400cd-cfdb-41a3-8591-e1eb7b8b65ba:ALL:ONE:6,MW,normal,A,READ,408ad869-04fb-45f6-9827-402c1af26534,,2,ONE,,node1,True,False,2.311,2026-09-25T12:55:06.123603+08:00,
411400cd-cfdb-41a3-8591-e1eb7b8b65ba:ALL:ONE:6,MW,normal,A,READ,408ad869-04fb-45f6-9827-402c1af26534,,2,ONE,,node2,True,False,3.195,2026-09-25T12:55:06.125929+08:00,
411400cd-cfdb-41a3-8591-e1eb7b8b65ba:ALL:ONE:6,MW,normal,A,READ,408ad869-04fb-45f6-9827-402c1af26534,,2,ONE,,node3,True,False,2.804,2026-09-25T12:55:06.129158+08:00,
411400cd-cfdb-41a3-8591-e1eb7b8b65ba:ALL:ONE:7,MW,normal,A,WRITE,2720c56c-fdec-4df7-9ee5-b02ff3fb518d,1,,,ALL,node1,True,,3.607,2026-09-25T12:55:06.131990+08:00,
411400cd-cfdb-41a3-8591-e1eb7b8b65ba:ALL:ONE:7,MW,normal,A,WRITE,2720c56c-fdec-4df7-9ee5-b02ff3fb518d,2,,,ONE,node2,True,,2.022,2026-09-25T12:55:06.135608+08:00,
411400cd-cfdb-41a3-8591-e1eb7b8b65ba:ALL:ONE:7,MW,normal,A,READ,2720c56c-fdec-4df7-9ee5-b02ff3fb518d,,2,ONE,,node1,True,False,3.162,2026-09-25T12:55:06.137640+08:00,
411400cd-cfdb-41a3-8591-e1eb7b8b65ba:ALL:ONE:7,MW,normal,A,READ,2720c56c-fdec-4df7-9ee5-b02ff3fb518d,,2,ONE,,node2,True,False,2.9,2026-09-25T12:55:06.140813+08:00,
411400cd-cfdb-41a3-8591-e1eb7b8b65ba:ALL:ONE:7,MW,normal,A,READ,2720c56c-fdec-4df7-9ee5-b02ff3fb518d,,2,ONE,,node3,True,False,2.347,2026-09-25T12:55:06.143724+08:00,
411400cd-cfdb-41a3-8591-e1eb7b8b65ba:ALL:ONE:8,MW,normal,A,WRITE,a90a4895-9e97-4a7c-abb4-2de230236803,1,,,ALL,node1,True,,3.464,2026-09-25T12:55:06.146098+08:00,
411400cd-cfdb-41a3-8591-e1eb7b8b65ba:ALL:ONE:8,MW,normal,A,WRITE,a90a4895-9e97-4a7c-abb4-2de230236803,2,,,ONE,node2,True,,1.147,2026-09-25T12:55:06.149586+08:00,
411400cd-cfdb-41a3-8591-e1eb7b8b65ba:ALL:ONE:8,MW,normal,A,READ,a90a4895-9e97-4a7c-abb4-2de230236803,,2,ONE,,node1,True,False,2.136,2026-09-25T12:55:06.150743+08:00,
411400cd-cfdb-41a3-8591-e1eb7b8b65ba:ALL:ONE:8,MW,normal,A,READ,a90a4895-9e97-4a7c-abb4-2de230236803,,2,ONE,,node2,True,False,3.327,2026-09-25T12:55:06.152888+08:00,
411400cd-cfdb-41a3-8591-e1eb7b8b65ba:ALL:ONE:8,MW,normal,A,READ,a90a4895-9e97-4a7c-abb4-2de230236803,,2,ONE,,node3,True,False,2.673,2026-09-25T12:55:06.156230+08:00,
411400cd-cfdb-41a3-8591-e1eb7b8b65ba:ALL:ONE:9,MW,normal,A,WRITE,8b57f267-1fa8-4d84-8c7b-943a2dc5cbdc,1,,,ALL,node1,True,,3.698,2026-09-25T12:55:06.158932+08:00,
411400cd-cfdb-41a3-8591-e1eb7b8b65ba:ALL:ONE:9,MW,normal,A,WRITE,8b57f267-1fa8-4d84-8c7b-943a2dc5cbdc,2,,,ONE,node2,True,,2.066,2026-09-25T12:55:06.162640+08:00,
411400cd-cfdb-41a3-8591-e1eb7b8b65ba:ALL:ONE:9,MW,normal,A,READ,8b57f267-1fa8-4d84-8c7b-943a2dc5cbdc,,2,ONE,,node1,True,False,2.961,2026-09-25T12:55:06.164720+08:00,
411400cd-cfdb-41a3-8591-e1eb7b8b65ba:ALL:ONE:9,MW,normal,A,READ,8b57f267-1fa8-4d84-8c7b-943a2dc5cbdc,,2,ONE,,node2,True,False,2.208,2026-09-25T12:55:06.167702+08:00,
411400cd-cfdb-41a3-8591-e1eb7b8b65ba:ALL:ONE:9,MW,normal,A,READ,8b57f267-1fa8-4d84-8c7b-943a2dc5cbdc,,2,ONE,,node3,True,False,3.037,2026-09-25T12:55:06.169924+08:00,
411400cd-cfdb-41a3-8591-e1eb7b8b65ba:ALL:ONE:10,MW,normal,A,WRITE,0f770d5b-aa22-4f74-8321-f91197ff5699,1,,,ALL,node1,True,,2.573,2026-09-25T12:55:06.172978+08:00,
411400cd-cfdb-41a3-8591-e1eb7b8b65ba:ALL:ONE:10,MW,normal,A,WRITE,0f770d5b-aa22-4f74-8321-f91197ff5699,2,,,ONE,node2,True,,2.093,2026-09-25T12:55:06.175563+08:00,
411400cd-cfdb-41a3-8591-e1eb7b8b65ba:ALL:ONE:10,MW,normal,A,READ,0f770d5b-aa22-4f74-8321-f91197ff5699,,2,ONE,,node1,True,False,3.076,2026-09-25T12:55:06.177667+08:00,
411400cd-cfdb-41a3-8591-e1eb7b8b65ba:ALL:ONE:10,MW,normal,A,READ,0f770d5b-aa22-4f74-8321-f91197ff5699,,2,ONE,,node2,True,False,2.909,2026-09-25T12:55:06.180753+08:00,
411400cd-cfdb-41a3-8591-e1eb7b8b65ba:ALL:ONE:10,MW,normal,A,READ,0f770d5b-aa22-4f74-8321-f91197ff5699,,2,ONE,,node3,True,False,3.089,2026-09-25T12:55:06.183671+08:00,
411400cd-cfdb-41a3-8591-e1eb7b8b65ba:ONE:ALL:1,MW,normal,A,WRITE,2baeff25-3dae-44b2-88d2-bc9d5922cfc4,1,,,ONE,node1,True,,1.917,2026-09-25T12:55:06.190994+08:00,
411400cd-cfdb-41a3-8591-e1eb7b8b65ba:ONE:ALL:1,MW,normal,A,WRITE,2baeff25-3dae-44b2-88d2-bc9d5922cfc4,2,,,ALL,node2,True,,3.676,2026-09-25T12:55:06.192955+08:00,
411400cd-cfdb-41a3-8591-e1eb7b8b65ba:ONE:ALL:1,MW,normal,A,READ,2baeff25-3dae-44b2-88d2-bc9d5922cfc4,,2,ONE,,node1,True,False,3.361,2026-09-25T12:55:06.196649+08:00,
411400cd-cfdb-41a3-8591-e1eb7b8b65ba:ONE:ALL:1,MW,normal,A,READ,2baeff25-3dae-44b2-88d2-bc9d5922cfc4,,2,ONE,,node2,True,False,4.273,2026-09-25T12:55:06.200030+08:00,
411400cd-cfdb-41a3-8591-e1eb7b8b65ba:ONE:ALL:1,MW,normal,A,READ,2baeff25-3dae-44b2-88d2-bc9d5922cfc4,,2,ONE,,node3,True,False,2.666,2026-09-25T12:55:06.204346+08:00,
411400cd-cfdb-41a3-8591-e1eb7b8b65ba:ONE:ALL:2,MW,normal,A,WRITE,87d81c9e-da11-44b8-b8b0-96c9147d32f8,1,,,ONE,node1,True,,1.801,2026-09-25T12:55:06.207084+08:00,
411400cd-cfdb-41a3-8591-e1eb7b8b65ba:ONE:ALL:2,MW,normal,A,WRITE,87d81c9e-da11-44b8-b8b0-96c9147d32f8,2,,,ALL,node2,True,,3.764,2026-09-25T12:55:06.208903+08:00,
411400cd-cfdb-41a3-8591-e1eb7b8b65ba:ONE:ALL:2,MW,normal,A,READ,87d81c9e-da11-44b8-b8b0-96c9147d32f8,,2,ONE,,node1,True,False,2.695,2026-09-25T12:55:06.212685+08:00,
411400cd-cfdb-41a3-8591-e1eb7b8b65ba:ONE:ALL:2,MW,normal,A,READ,87d81c9e-da11-44b8-b8b0-96c9147d32f8,,2,ONE,,node2,True,False,3.436,2026-09-25T12:55:06.215399+08:00,
411400cd-cfdb-41a3-8591-e1eb7b8b65ba:ONE:ALL:2,MW,normal,A,READ,87d81c9e-da11-44b8-b8b0-96c9147d32f8,,2,ONE,,node3,True,False,3.184,2026-09-25T12:55:06.218850+08:00,
411400cd-cfdb-41a3-8591-e1eb7b8b65ba:ONE:ALL:3,MW,normal,A,WRITE,3e20dbf8-e308-48ae-99ae-beab2251dcb0,1,,,ONE,node1,True,,1.763,2026-09-25T12:55:06.222066+08:00,
411400cd-cfdb-41a3-8591-e1eb7b8b65ba:ONE:ALL:3,MW,normal,A,WRITE,3e20dbf8-e308-48ae-99ae-beab2251dcb0,2,,,ALL,node2,True,,3.807,2026-09-25T12:55:06.223858+08:00,
411400cd-cfdb-41a3-8591-e1eb7b8b65ba:ONE:ALL:3,MW,normal,A,READ,3e20dbf8-e308-48ae-99ae-beab2251dcb0,,2,ONE,,node1,True,False,2.39,2026-09-25T12:55:06.227688+08:00,
411400cd-cfdb-41a3-8591-e1eb7b8b65ba:ONE:ALL:3,MW,normal,A,READ,3e20dbf8-e308-48ae-99ae-beab2251dcb0,,2,ONE,,node2,True,False,3.741,2026-09-25T12:55:06.230091+08:00,
411400cd-cfdb-41a3-8591-e1eb7b8b65ba:ONE:ALL:3,MW,normal,A,READ,3e20dbf8-e308-48ae-99ae-beab2251dcb0,,2,ONE,,node3,True,False,3.063,2026-09-25T12:55:06.233850+08:00,
411400cd-cfdb-41a3-8591-e1eb7b8b65ba:ONE:ALL:4,MW,normal,A,WRITE,c4a754be-e0e4-4af0-af83-084153ea77f5,1,,,ONE,node1,True,,1.917,2026-09-25T12:55:06.236934+08:00,
411400cd-cfdb-41a3-8591-e1eb7b8b65ba:ONE:ALL:4,MW,normal,A,WRITE,c4a754be-e0e4-4af0-af83-084153ea77f5,2,,,ALL,node2,True,,3.774,2026-09-25T12:55:06.238864+08:00,
411400cd-cfdb-41a3-8591-e1eb7b8b65ba:ONE:ALL:4,MW,normal,A,READ,c4a754be-e0e4-4af0-af83-084153ea77f5,,2,ONE,,node1,True,False,3.179,2026-09-25T12:55:06.242648+08:00,
411400cd-cfdb-41a3-8591-e1eb7b8b65ba:ONE:ALL:4,MW,normal,A,READ,c4a754be-e0e4-4af0-af83-084153ea77f5,,2,ONE,,node2,True,False,2.902,2026-09-25T12:55:06.245837+08:00,
411400cd-cfdb-41a3-8591-e1eb7b8b65ba:ONE:ALL:4,MW,normal,A,READ,c4a754be-e0e4-4af0-af83-084153ea77f5,,2,ONE,,node3,True,False,2.303,2026-09-25T12:55:06.248749+08:00,
411400cd-cfdb-41a3-8591-e1eb7b8b65ba:ONE:ALL:5,MW,normal,A,WRITE,850d796f-abc5-4ea1-a72f-e7f41e8f70a4,1,,,ONE,node1,True,,1.887,2026-09-25T12:55:06.251071+08:00,
411400cd-cfdb-41a3-8591-e1eb7b8b65ba:ONE:ALL:5,MW,normal,A,WRITE,850d796f-abc5-4ea1-a72f-e7f41e8f70a4,2,,,ALL,node2,True,,3.638,2026-09-25T12:55:06.252972+08:00,
411400cd-cfdb-41a3-8591-e1eb7b8b65ba:ONE:ALL:5,MW,normal,A,READ,850d796f-abc5-4ea1-a72f-e7f41e8f70a4,,2,ONE,,node1,True,False,3.276,2026-09-25T12:55:06.256622+08:00,
411400cd-cfdb-41a3-8591-e1eb7b8b65ba:ONE:ALL:5,MW,normal,A,READ,850d796f-abc5-4ea1-a72f-e7f41e8f70a4,,2,ONE,,node2,True,False,4.042,2026-09-25T12:55:06.259911+08:00,
411400cd-cfdb-41a3-8591-e1eb7b8b65ba:ONE:ALL:5,MW,normal,A,READ,850d796f-abc5-4ea1-a72f-e7f41e8f70a4,,2,ONE,,node3,True,False,3.203,2026-09-25T12:55:06.263967+08:00,
411400cd-cfdb-41a3-8591-e1eb7b8b65ba:ONE:ALL:6,MW,normal,A,WRITE,038c73e1-ed73-493e-9014-cbee5429a648,1,,,ONE,node1,True,,1.655,2026-09-25T12:55:06.267205+08:00,
411400cd-cfdb-41a3-8591-e1eb7b8b65ba:ONE:ALL:6,MW,normal,A,WRITE,038c73e1-ed73-493e-9014-cbee5429a648,2,,,ALL,node2,True,,4.753,2026-09-25T12:55:06.268880+08:00,
411400cd-cfdb-41a3-8591-e1eb7b8b65ba:ONE:ALL:6,MW,normal,A,READ,038c73e1-ed73-493e-9014-cbee5429a648,,2,ONE,,node1,True,False,2.475,2026-09-25T12:55:06.273643+08:00,
411400cd-cfdb-41a3-8591-e1eb7b8b65ba:ONE:ALL:6,MW,normal,A,READ,038c73e1-ed73-493e-9014-cbee5429a648,,2,ONE,,node2,True,False,3.49,2026-09-25T12:55:06.276127+08:00,
411400cd-cfdb-41a3-8591-e1eb7b8b65ba:ONE:ALL:6,MW,normal,A,READ,038c73e1-ed73-493e-9014-cbee5429a648,,2,ONE,,node3,True,False,2.363,2026-09-25T12:55:06.279637+08:00,
411400cd-cfdb-41a3-8591-e1eb7b8b65ba:ONE:ALL:7,MW,normal,A,WRITE,b478861f-9dd7-41ff-8364-efecd6fa27af,1,,,ONE,node1,True,,1.824,2026-09-25T12:55:06.282017+08:00,
411400cd-cfdb-41a3-8591-e1eb7b8b65ba:ONE:ALL:7,MW,normal,A,WRITE,b478861f-9dd7-41ff-8364-efecd6fa27af,2,,,ALL,node2,True,,2.881,2026-09-25T12:55:06.283849+08:00,
411400cd-cfdb-41a3-8591-e1eb7b8b65ba:ONE:ALL:7,MW,normal,A,READ,b478861f-9dd7-41ff-8364-efecd6fa27af,,2,ONE,,node1,True,False,2.992,2026-09-25T12:55:06.286740+08:00,
411400cd-cfdb-41a3-8591-e1eb7b8b65ba:ONE:ALL:7,MW,normal,A,READ,b478861f-9dd7-41ff-8364-efecd6fa27af,,2,ONE,,node2,True,False,2.947,2026-09-25T12:55:06.289740+08:00,
411400cd-cfdb-41a3-8591-e1eb7b8b65ba:ONE:ALL:7,MW,normal,A,READ,b478861f-9dd7-41ff-8364-efecd6fa27af,,2,ONE,,node3,True,False,2.98,2026-09-25T12:55:06.292695+08:00,
411400cd-cfdb-41a3-8591-e1eb7b8b65ba:ONE:ALL:8,MW,normal,A,WRITE,6e9f3cf5-2366-4085-a670-ae6064c06e6d,1,,,ONE,node1,True,,1.978,2026-09-25T12:55:06.295700+08:00,
411400cd-cfdb-41a3-8591-e1eb7b8b65ba:ONE:ALL:8,MW,normal,A,WRITE,6e9f3cf5-2366-4085-a670-ae6064c06e6d,2,,,ALL,node2,True,,2.953,2026-09-25T12:55:06.297686+08:00,
411400cd-cfdb-41a3-8591-e1eb7b8b65ba:ONE:ALL:8,MW,normal,A,READ,6e9f3cf5-2366-4085-a670-ae6064c06e6d,,2,ONE,,node1,True,False,3.042,2026-09-25T12:55:06.300649+08:00,
411400cd-cfdb-41a3-8591-e1eb7b8b65ba:ONE:ALL:8,MW,normal,A,READ,6e9f3cf5-2366-4085-a670-ae6064c06e6d,,2,ONE,,node2,True,False,3.008,2026-09-25T12:55:06.303700+08:00,
411400cd-cfdb-41a3-8591-e1eb7b8b65ba:ONE:ALL:8,MW,normal,A,READ,6e9f3cf5-2366-4085-a670-ae6064c06e6d,,2,ONE,,node3,True,False,2.368,2026-09-25T12:55:06.306716+08:00,
411400cd-cfdb-41a3-8591-e1eb7b8b65ba:ONE:ALL:9,MW,normal,A,WRITE,a966a2bc-f7de-418a-a42d-3d2ea3a5d28e,1,,,ONE,node1,True,,1.697,2026-09-25T12:55:06.309112+08:00,
411400cd-cfdb-41a3-8591-e1eb7b8b65ba:ONE:ALL:9,MW,normal,A,WRITE,a966a2bc-f7de-418a-a42d-3d2ea3a5d28e,2,,,ALL,node2,True,,2.695,2026-09-25T12:55:06.310840+08:00,
411400cd-cfdb-41a3-8591-e1eb7b8b65ba:ONE:ALL:9,MW,normal,A,READ,a966a2bc-f7de-418a-a42d-3d2ea3a5d28e,,2,ONE,,node1,True,False,3.229,2026-09-25T12:55:06.313547+08:00,
411400cd-cfdb-41a3-8591-e1eb7b8b65ba:ONE:ALL:9,MW,normal,A,READ,a966a2bc-f7de-418a-a42d-3d2ea3a5d28e,,2,ONE,,node2,True,False,3.227,2026-09-25T12:55:06.316788+08:00,
411400cd-cfdb-41a3-8591-e1eb7b8b65ba:ONE:ALL:9,MW,normal,A,READ,a966a2bc-f7de-418a-a42d-3d2ea3a5d28e,,2,ONE,,node3,True,False,3.127,2026-09-25T12:55:06.320029+08:00,
411400cd-cfdb-41a3-8591-e1eb7b8b65ba:ONE:ALL:10,MW,normal,A,WRITE,f848dd6a-185b-42db-a543-3fbe9adfdb7b,1,,,ONE,node1,True,,2.437,2026-09-25T12:55:06.323187+08:00,
411400cd-cfdb-41a3-8591-e1eb7b8b65ba:ONE:ALL:10,MW,normal,A,WRITE,f848dd6a-185b-42db-a543-3fbe9adfdb7b,2,,,ALL,node2,True,,3.842,2026-09-25T12:55:06.325640+08:00,
411400cd-cfdb-41a3-8591-e1eb7b8b65ba:ONE:ALL:10,MW,normal,A,READ,f848dd6a-185b-42db-a543-3fbe9adfdb7b,,2,ONE,,node1,True,False,3.033,2026-09-25T12:55:06.329495+08:00,
411400cd-cfdb-41a3-8591-e1eb7b8b65ba:ONE:ALL:10,MW,normal,A,READ,f848dd6a-185b-42db-a543-3fbe9adfdb7b,,2,ONE,,node2,True,False,4.253,2026-09-25T12:55:06.332552+08:00,
411400cd-cfdb-41a3-8591-e1eb7b8b65ba:ONE:ALL:10,MW,normal,A,READ,f848dd6a-185b-42db-a543-3fbe9adfdb7b,,2,ONE,,node3,True,False,2.003,2026-09-25T12:55:06.336835+08:00,
